Kennziffer;Raumeinheit;Aggregat;Schulabgänger mit allgemeiner Hochschulreife;Bruttoinlandsprodukt je Erwerbstätigen;Stimmenanteile CDU/CSU;Stimmenanteile AfD
"01001";"Flensburg. Stadt";"Kreise";"43.87";"70.67";"14.07";"5.42"
"01002";"Kiel. Landeshauptstadt";"Kreise";"43.97";"73.85";"14.53";"5.02"
"01003";"Lübeck. Hansestadt";"Kreise";"38.98";"91.66";"17.64";"6.63"
"01004";"Neumünster. Stadt";"Kreise";"43.25";"73.38";"20.24";"9.38"
"01051";"Dithmarschen";"Kreise";"28.42";"95.94";"25.49";"8.80"
"01053";"Herzogtum Lauenburg";"Kreise";"34.23";"73.77";"22.94";"8.35"
"01054";"Nordfriesland";"Kreise";"26.10";"75.87";"23.99";"5.23"
"01055";"Ostholstein";"Kreise";"29.41";"67.36";"25.31";"7.03"
"01056";"Pinneberg";"Kreise";"39.74";"80.06";"22.10";"6.87"
"01057";"Plön";"Kreise";"33.55";"67.75";"23.75";"6.32"
"01058";"Rendsburg-Eckernförde";"Kreise";"36.34";"79.66";"23.91";"6.36"
"01059";"Schleswig-Flensburg";"Kreise";"25.70";"74.00";"22.90";"5.92"
"01060";"Segeberg";"Kreise";"36.52";"78.78";"22.77";"7.62"
"01061";"Steinburg";"Kreise";"30.83";"75.71";"23.91";"7.98"
"01062";"Stormarn";"Kreise";"51.29";"80.30";"23.05";"6.62"
"02000";"Hamburg. Freie und Hansestadt";"Kreise";"54.55";"112.16";"15.44";"5.03"
"03101";"Braunschweig. Stadt";"Kreise";"49.37";"116.88";"18.61";"5.91"
"03102";"Salzgitter. Stadt";"Kreise";"24.01";"98.47";"21.64";"13.47"
"03103";"Wolfsburg. Stadt";"Kreise";"43.69";"147.73";"24.43";"9.31"
"03151";"Gifhorn";"Kreise";"30.18";"75.84";"24.30";"10.48"
"03153";"Goslar";"Kreise";"23.91";"70.45";"23.35";"9.24"
"03154";"Helmstedt";"Kreise";"29.49";"72.59";"24.95";"9.19"
"03155";"Northeim";"Kreise";"33.67";"67.39";"23.46";"8.03"
"03157";"Peine";"Kreise";"34.60";"75.68";"21.50";"9.03"
"03158";"Wolfenbüttel";"Kreise";"35.17";"75.57";"23.62";"7.47"
"03159";"Göttingen";"Kreise";"42.26";"72.18";"21.92";"6.35"
"03241";"Region Hannover";"Kreise";"40.57";"86.15";"21.08";"6.69"
"03251";"Diepholz";"Kreise";"27.30";"74.17";"25.01";"7.02"
"03252";"Hameln-Pyrmont";"Kreise";"31.06";"75.29";"22.62";"8.88"
"03254";"Hildesheim";"Kreise";"34.35";"68.78";"22.85";"7.61"
"03255";"Holzminden";"Kreise";"26.23";"80.03";"22.82";"9.04"
"03256";"Nienburg (Weser)";"Kreise";"26.75";"76.56";"26.15";"8.62"
"03257";"Schaumburg";"Kreise";"37.38";"67.62";"22.99";"8.67"
"03351";"Celle";"Kreise";"25.40";"77.78";"26.58";"9.54"
"03352";"Cuxhaven";"Kreise";"26.43";"75.63";"25.83";"7.65"
"03353";"Harburg";"Kreise";"42.24";"71.83";"24.79";"7.26"
"03354";"Lüchow-Dannenberg";"Kreise";"23.83";"67.16";"24.08";"7.09"
"03355";"Lüneburg";"Kreise";"39.06";"71.21";"20.24";"6.50"
"03356";"Osterholz";"Kreise";"41.83";"66.17";"23.63";"7.26"
"03357";"Rotenburg (Wümme)";"Kreise";"26.96";"76.48";"28.44";"7.06"
"03358";"Heidekreis";"Kreise";"27.36";"79.76";"24.49";"8.50"
"03359";"Stade";"Kreise";"29.06";"86.48";"25.03";"7.75"
"03360";"Uelzen";"Kreise";"26.69";"74.27";"25.32";"8.57"
"03361";"Verden";"Kreise";"35.60";"72.85";"24.48";"7.79"
"03401";"Delmenhorst. Stadt";"Kreise";"30.39";"64.23";"22.50";"10.21"
"03402";"Emden. Stadt";"Kreise";"31.76";"88.69";"14.64";"8.10"
"03403";"Oldenburg (Oldenburg). Stadt";"Kreise";"43.40";"75.12";"14.92";"4.30"
"03404";"Osnabrück. Stadt";"Kreise";"42.19";"72.09";"20.34";"4.45"
"03405";"Wilhelmshaven. Stadt";"Kreise";"37.14";"78.95";"19.60";"9.26"
"03451";"Ammerland";"Kreise";"25.36";"73.87";"23.35";"6.27"
"03452";"Aurich";"Kreise";"27.38";"68.93";"18.35";"8.23"
"03453";"Cloppenburg";"Kreise";"19.40";"72.74";"37.90";"9.55"
"03454";"Emsland";"Kreise";"26.25";"94.56";"37.63";"6.09"
"03455";"Friesland";"Kreise";"27.72";"71.76";"20.78";"7.40"
"03456";"Grafschaft Bentheim";"Kreise";"26.78";"74.58";"29.46";"5.16"
"03457";"Leer";"Kreise";"21.32";"80.26";"22.68";"8.85"
"03458";"Oldenburg";"Kreise";"16.99";"73.44";"23.38";"7.11"
"03459";"Osnabrück";"Kreise";"23.34";"75.05";"28.28";"6.21"
"03460";"Vechta";"Kreise";"28.46";"77.48";"39.11";"5.85"
"03461";"Wesermarsch";"Kreise";"21.70";"85.80";"21.43";"7.85"
"03462";"Wittmund";"Kreise";"26.54";"72.69";"24.90";"8.54"
"04011";"Bremen. Stadt";"Kreise";"37.06";"87.13";"17.18";"6.21"
"04012";"Bremerhaven. Stadt";"Kreise";"34.15";"66.74";"17.45";"10.63"
"05111";"Düsseldorf. Stadt";"Kreise";"42.16";"103.36";"24.24";"5.07"
"05112";"Duisburg. Stadt";"Kreise";"35.78";"89.55";"19.25";"10.07"
"05113";"Essen. Stadt";"Kreise";"40.52";"81.54";"22.72";"8.10"
"05114";"Krefeld. Stadt";"Kreise";"37.40";"79.42";"25.20";"6.83"
"05116";"Mönchengladbach. Stadt";"Kreise";"38.14";"72.47";"28.47";"7.51"
"05117";"Mülheim an der Ruhr. Stadt";"Kreise";"45.83";"85.66";"23.81";"7.09"
"05119";"Oberhausen. Stadt";"Kreise";"38.10";"67.65";"21.22";"9.62"
"05120";"Remscheid. Stadt";"Kreise";"38.10";"72.19";"24.86";"8.56"
"05122";"Solingen. Klingenstadt";"Kreise";"36.09";"75.54";"23.93";"7.21"
"05124";"Wuppertal. Stadt";"Kreise";"37.93";"80.30";"21.49";"8.19"
"05154";"Kleve";"Kreise";"34.48";"74.16";"32.28";"5.67"
"05158";"Mettmann";"Kreise";"41.21";"87.14";"27.24";"7.03"
"05162";"Rhein-Kreis Neuss";"Kreise";"48.61";"93.59";"31.10";"6.31"
"05166";"Viersen";"Kreise";"44.88";"71.18";"30.44";"5.96"
"05170";"Wesel";"Kreise";"40.66";"75.28";"24.96";"7.26"
"05314";"Bonn. Stadt";"Kreise";"51.12";"104.46";"22.53";"4.20"
"05315";"Köln. Stadt";"Kreise";"41.95";"92.72";"19.33";"4.66"
"05316";"Leverkusen. Stadt";"Kreise";"42.67";"101.55";"24.34";"7.86"
"05334";"Städteregion Aachen";"Kreise";"43.47";"78.29";"26.46";"5.78"
"05358";"Düren";"Kreise";"39.05";"71.69";"30.38";"8.66"
"05362";"Rhein-Erft-Kreis";"Kreise";"37.22";"98.90";"28.29";"6.95"
"05366";"Euskirchen";"Kreise";"39.95";"72.06";"32.03";"8.31"
"05370";"Heinsberg";"Kreise";"37.50";"69.80";"32.27";"7.89"
"05374";"Oberbergischer Kreis";"Kreise";"36.06";"74.00";"27.74";"9.59"
"05378";"Rheinisch-Bergischer Kreis";"Kreise";"44.59";"76.02";"27.42";"5.71"
"05382";"Rhein-Sieg-Kreis";"Kreise";"43.44";"77.33";"28.51";"6.67"
"05512";"Bottrop. Stadt";"Kreise";"40.38";"66.77";"23.32";"9.38"
"05513";"Gelsenkirchen. Stadt";"Kreise";"32.13";"84.73";"19.85";"12.76"
"05515";"Münster. Stadt";"Kreise";"50.08";"82.52";"22.40";"2.87"
"05554";"Borken";"Kreise";"32.87";"74.65";"36.88";"5.06"
"05558";"Coesfeld";"Kreise";"36.54";"71.17";"34.50";"4.73"
"05562";"Recklinghausen";"Kreise";"32.83";"72.73";"24.48";"9.19"
"05566";"Steinfurt";"Kreise";"32.38";"74.64";"29.37";"5.50"
"05570";"Warendorf";"Kreise";"36.36";"70.62";"31.42";"6.40"
"05711";"Bielefeld. Stadt";"Kreise";"35.86";"70.53";"20.15";"6.80"
"05754";"Gütersloh";"Kreise";"39.87";"84.60";"29.33";"7.56"
"05758";"Herford";"Kreise";"37.14";"75.04";"23.23";"9.62"
"05762";"Höxter";"Kreise";"38.58";"69.95";"35.72";"7.71"
"05766";"Lippe";"Kreise";"32.76";"73.47";"23.06";"9.98"
"05770";"Minden-Lübbecke";"Kreise";"36.85";"86.10";"23.85";"9.16"
"05774";"Paderborn";"Kreise";"38.98";"74.69";"33.01";"8.11"
"05911";"Bochum. Stadt";"Kreise";"39.58";"78.70";"19.12";"7.25"
"05913";"Dortmund. Stadt";"Kreise";"36.98";"78.65";"18.63";"7.40"
"05914";"Hagen. Stadt der FernUniversität";"Kreise";"35.88";"77.32";"23.60";"10.50"
"05915";"Hamm. Stadt";"Kreise";"27.32";"69.38";"24.26";"9.24"
"05916";"Herne. Stadt";"Kreise";"34.66";"69.79";"19.53";"10.13"
"05954";"Ennepe-Ruhr-Kreis";"Kreise";"40.44";"72.00";"22.63";"7.41"
"05958";"Hochsauerlandkreis";"Kreise";"29.52";"72.11";"33.45";"7.42"
"05962";"Märkischer Kreis";"Kreise";"33.65";"75.02";"27.77";"9.49"
"05966";"Olpe";"Kreise";"35.09";"79.75";"38.29";"7.07"
"05970";"Siegen-Wittgenstein";"Kreise";"37.59";"77.01";"26.19";"9.14"
"05974";"Soest";"Kreise";"39.38";"79.58";"29.07";"7.99"
"05978";"Unna";"Kreise";"37.47";"76.93";"22.56";"8.30"
"06411";"Darmstadt. Wissenschaftsstadt";"Kreise";"51.66";"99.83";"14.77";"5.10"
"06412";"Frankfurt am Main. Stadt";"Kreise";"29.77";"107.56";"18.14";"5.05"
"06413";"Offenbach am Main. Stadt";"Kreise";"17.59";"89.75";"18.95";"7.99"
"06414";"Wiesbaden. Landeshauptstadt";"Kreise";"28.04";"104.75";"21.15";"7.11"
"06431";"Bergstraße";"Kreise";"28.95";"79.89";"24.47";"9.49"
"06432";"Darmstadt-Dieburg";"Kreise";"28.43";"87.51";"21.81";"7.85"
"06433";"Groß-Gerau";"Kreise";"17.73";"104.11";"21.40";"8.81"
"06434";"Hochtaunuskreis";"Kreise";"40.44";"95.75";"27.36";"6.58"
"06435";"Main-Kinzig-Kreis";"Kreise";"28.65";"91.40";"23.43";"11.24"
"06436";"Main-Taunus-Kreis";"Kreise";"30.29";"111.91";"26.44";"6.87"
"06437";"Odenwaldkreis";"Kreise";"25.66";"69.92";"22.62";"10.74"
"06438";"Offenbach";"Kreise";"27.76";"94.09";"25.44";"7.95"
"06439";"Rheingau-Taunus-Kreis";"Kreise";"20.95";"75.75";"24.52";"8.16"
"06440";"Wetteraukreis";"Kreise";"29.32";"84.97";"23.56";"9.33"
"06531";"Gießen";"Kreise";"34.22";"76.30";"22.16";"8.71"
"06532";"Lahn-Dill-Kreis";"Kreise";"24.60";"78.05";"25.11";"11.95"
"06533";"Limburg-Weilburg";"Kreise";"21.61";"76.19";"27.24";"9.81"
"06534";"Marburg-Biedenkopf";"Kreise";"36.07";"79.57";"22.13";"8.95"
"06535";"Vogelsbergkreis";"Kreise";"21.11";"72.70";"24.62";"12.63"
"06611";"Kassel. documenta-Stadt";"Kreise";"21.20";"76.58";"15.79";"6.85"
"06631";"Fulda";"Kreise";"26.38";"75.46";"32.70";"13.27"
"06632";"Hersfeld-Rotenburg";"Kreise";"21.30";"87.95";"21.27";"12.88"
"06633";"Kassel";"Kreise";"25.26";"79.08";"20.34";"8.94"
"06634";"Schwalm-Eder-Kreis";"Kreise";"28.68";"81.65";"20.72";"10.74"
"06635";"Waldeck-Frankenberg";"Kreise";"26.11";"79.38";"24.72";"10.33"
"06636";"Werra-Meißner-Kreis";"Kreise";"18.37";"68.39";"21.98";"10.00"
"07111";"Koblenz. kreisfreie Stadt";"Kreise";"43.62";"83.73";"23.92";"6.49"
"07131";"Ahrweiler";"Kreise";"41.57";"73.81";"29.94";"6.31"
"07132";"Altenkirchen (Westerwald)";"Kreise";"32.68";"70.85";"27.77";"10.04"
"07133";"Bad Kreuznach";"Kreise";"34.42";"72.45";"24.71";"9.06"
"07134";"Birkenfeld";"Kreise";"27.57";"67.49";"23.98";"11.52"
"07135";"Cochem-Zell";"Kreise";"24.36";"72.54";"33.61";"7.58"
"07137";"Mayen-Koblenz";"Kreise";"30.22";"75.99";"27.91";"8.45"
"07138";"Neuwied";"Kreise";"26.45";"77.22";"26.12";"9.47"
"07140";"Rhein-Hunsrück-Kreis";"Kreise";"28.95";"73.34";"26.85";"9.27"
"07141";"Rhein-Lahn-Kreis";"Kreise";"36.67";"75.58";"23.21";"8.63"
"07143";"Westerwaldkreis";"Kreise";"26.32";"79.03";"28.01";"8.88"
"07211";"Trier. kreisfreie Stadt";"Kreise";"37.97";"68.47";"19.84";"5.74"
"07231";"Bernkastel-Wittlich";"Kreise";"29.06";"69.71";"29.01";"7.62"
"07232";"Eifelkreis Bitburg-Prüm";"Kreise";"32.37";"80.97";"29.08";"6.40"
"07233";"Vulkaneifel";"Kreise";"26.67";"70.84";"31.67";"7.50"
"07235";"Trier-Saarburg";"Kreise";"36.53";"70.32";"26.31";"6.47"
"07311";"Frankenthal (Pfalz). kreisfreie Stadt";"Kreise";"41.10";"76.73";"24.79";"12.71"
"07312";"Kaiserslautern. kreisfreie Stadt";"Kreise";"45.22";"72.79";"18.63";"12.02"
"07313";"Landau in der Pfalz. kreisfreie Stadt";"Kreise";"43.80";"68.73";"19.08";"6.80"
"07314";"Ludwigshafen am Rhein. kreisfreie Stadt";"Kreise";"31.54";"92.65";"19.22";"12.60"
"07315";"Mainz. kreisfreie Stadt";"Kreise";"53.42";"150.77";"19.09";"4.35"
"07316";"Neustadt an der Weinstraße. kreisfreie Stadt";"Kreise";"59.83";"66.70";"23.67";"10.08"
"07317";"Pirmasens. kreisfreie Stadt";"Kreise";"37.91";"61.88";"24.18";"15.41"
"07318";"Speyer. kreisfreie Stadt";"Kreise";"49.65";"75.13";"21.67";"9.98"
"07319";"Worms. kreisfreie Stadt";"Kreise";"32.30";"81.61";"22.39";"11.98"
"07320";"Zweibrücken. kreisfreie Stadt";"Kreise";"40.15";"86.61";"20.34";"13.15"
"07331";"Alzey-Worms";"Kreise";"35.02";"76.63";"22.72";"11.09"
"07332";"Bad Dürkheim";"Kreise";"34.57";"67.45";"23.80";"10.11"
"07333";"Donnersbergkreis";"Kreise";"35.24";"71.26";"20.40";"12.11"
"07334";"Germersheim";"Kreise";"37.51";"98.72";"24.02";"12.63"
"07335";"Kaiserslautern";"Kreise";"32.43";"73.00";"23.48";"13.29"
"07336";"Kusel";"Kreise";"30.87";"72.82";"19.46";"12.91"
"07337";"Südliche Weinstraße";"Kreise";"31.95";"71.57";"24.07";"9.60"
"07338";"Rhein-Pfalz-Kreis";"Kreise";"21.11";"74.64";"24.89";"10.57"
"07339";"Mainz-Bingen";"Kreise";"47.14";"114.05";"23.85";"7.18"
"07340";"Südwestpfalz";"Kreise";"22.07";"71.56";"27.61";"11.93"
"08111";"Stuttgart. Stadtkreis";"Kreise";"41.77";"109.18";"20.70";"5.57"
"08115";"Böblingen";"Kreise";"29.25";"128.23";"26.17";"8.67"
"08116";"Esslingen";"Kreise";"32.81";"94.31";"25.68";"8.10"
"08117";"Göppingen";"Kreise";"22.89";"74.92";"26.10";"11.47"
"08118";"Ludwigsburg";"Kreise";"30.78";"97.17";"24.98";"8.81"
"08119";"Rems-Murr-Kreis";"Kreise";"26.44";"79.99";"25.41";"9.81"
"08121";"Heilbronn. Stadtkreis";"Kreise";"26.15";"81.00";"21.93";"12.27"
"08125";"Heilbronn";"Kreise";"23.99";"128.99";"24.55";"12.86"
"08126";"Hohenlohekreis";"Kreise";"20.61";"86.30";"25.14";"13.46"
"08127";"Schwäbisch Hall";"Kreise";"23.76";"87.48";"24.12";"12.29"
"08128";"Main-Tauber-Kreis";"Kreise";"21.02";"77.62";"30.44";"11.39"
"08135";"Heidenheim";"Kreise";"26.50";"78.28";"23.76";"12.06"
"08136";"Ostalbkreis";"Kreise";"27.89";"91.97";"28.60";"10.37"
"08211";"Baden-Baden. Stadtkreis";"Kreise";"45.15";"77.47";"27.97";"8.10"
"08212";"Karlsruhe. Stadtkreis";"Kreise";"42.88";"101.99";"17.67";"6.80"
"08215";"Karlsruhe";"Kreise";"24.37";"81.75";"26.03";"10.50"
"08216";"Rastatt";"Kreise";"20.06";"95.63";"26.76";"11.18"
"08221";"Heidelberg. Stadtkreis";"Kreise";"55.74";"78.78";"16.96";"4.76"
"08222";"Mannheim. Stadtkreis";"Kreise";"34.73";"92.88";"18.22";"9.11"
"08225";"Neckar-Odenwald-Kreis";"Kreise";"28.21";"72.32";"30.45";"12.53"
"08226";"Rhein-Neckar-Kreis";"Kreise";"34.43";"98.01";"24.86";"9.40"
"08231";"Pforzheim. Stadtkreis";"Kreise";"32.84";"80.71";"23.23";"15.87"
"08235";"Calw";"Kreise";"21.82";"75.98";"28.36";"12.89"
"08236";"Enzkreis";"Kreise";"22.48";"77.44";"24.60";"12.53"
"08237";"Freudenstadt";"Kreise";"21.63";"80.45";"28.14";"12.79"
"08311";"Freiburg im Breisgau. Stadtkreis";"Kreise";"46.16";"79.13";"14.14";"4.35"
"08315";"Breisgau-Hochschwarzwald";"Kreise";"29.95";"72.00";"24.70";"6.62"
"08316";"Emmendingen";"Kreise";"22.26";"78.56";"23.79";"7.49"
"08317";"Ortenaukreis";"Kreise";"25.44";"79.74";"26.10";"10.11"
"08325";"Rottweil";"Kreise";"28.53";"84.22";"27.00";"13.40"
"08326";"Schwarzwald-Baar-Kreis";"Kreise";"21.65";"75.75";"26.44";"11.12"
"08327";"Tuttlingen";"Kreise";"23.22";"82.07";"28.29";"13.32"
"08335";"Konstanz";"Kreise";"29.23";"78.35";"23.15";"8.53"
"08336";"Lörrach";"Kreise";"28.34";"79.60";"21.56";"8.67"
"08337";"Waldshut";"Kreise";"21.72";"75.99";"27.03";"9.42"
"08415";"Reutlingen";"Kreise";"29.83";"80.78";"25.89";"10.26"
"08416";"Tübingen";"Kreise";"44.41";"73.13";"21.02";"6.59"
"08417";"Zollernalbkreis";"Kreise";"18.49";"78.13";"26.91";"13.00"
"08421";"Ulm. Stadtkreis";"Kreise";"41.57";"87.71";"20.13";"6.94"
"08425";"Alb-Donau-Kreis";"Kreise";"18.27";"84.91";"30.28";"10.36"
"08426";"Biberach";"Kreise";"21.49";"106.51";"30.54";"10.99"
"08435";"Bodenseekreis";"Kreise";"25.36";"90.51";"26.53";"8.46"
"08436";"Ravensburg";"Kreise";"24.97";"87.55";"27.12";"8.77"
"08437";"Sigmaringen";"Kreise";"26.41";"79.22";"30.22";"11.40"
"09161";"Ingolstadt";"Kreise";"28.77";"157.81";"30.52";"10.06"
"09162";"München. Landeshauptstadt";"Kreise";"34.94";"117.69";"23.76";"4.54"
"09163";"Rosenheim. Stadt";"Kreise";"34.83";"75.04";"27.24";"8.70"
"09171";"Altötting";"Kreise";"22.81";"116.01";"34.39";"10.42"
"09172";"Berchtesgadener Land";"Kreise";"23.81";"75.18";"31.07";"8.93"
"09173";"Bad Tölz-Wolfratshausen";"Kreise";"27.08";"73.82";"34.04";"8.31"
"09174";"Dachau";"Kreise";"26.96";"78.46";"34.48";"7.65"
"09175";"Ebersberg";"Kreise";"37.14";"92.28";"32.66";"6.26"
"09176";"Eichstätt";"Kreise";"25.87";"98.43";"37.38";"9.42"
"09177";"Erding";"Kreise";"26.94";"83.74";"34.18";"8.36"
"09178";"Freising";"Kreise";"24.71";"95.43";"30.37";"7.89"
"09179";"Fürstenfeldbruck";"Kreise";"36.14";"85.92";"32.19";"6.22"
"09180";"Garmisch-Partenkirchen";"Kreise";"30.70";"66.41";"39.02";"7.75"
"09181";"Landsberg am Lech";"Kreise";"28.41";"86.83";"31.30";"7.37"
"09182";"Miesbach";"Kreise";"30.84";"77.50";"34.42";"7.62"
"09183";"Mühldorf a.Inn";"Kreise";"19.09";"76.94";"34.06";"11.20"
"09184";"München";"Kreise";"49.60";"146.23";"32.56";"5.28"
"09185";"Neuburg-Schrobenhausen";"Kreise";"16.83";"87.20";"35.64";"10.80"
"09186";"Pfaffenhofen a.d.Ilm";"Kreise";"15.47";"92.05";"34.73";"10.40"
"09187";"Rosenheim";"Kreise";"22.25";"80.93";"31.75";"8.70"
"09188";"Starnberg";"Kreise";"36.16";"93.80";"33.09";"5.03"
"09189";"Traunstein";"Kreise";"24.92";"87.07";"31.79";"8.43"
"09190";"Weilheim-Schongau";"Kreise";"21.08";"81.98";"32.70";"8.03"
"09261";"Landshut. Stadt";"Kreise";"26.57";"84.29";"29.52";"8.23"
"09262";"Passau. Stadt";"Kreise";"33.60";"70.72";"29.54";"8.15"
"09263";"Straubing";"Kreise";"33.60";"68.87";"34.56";"11.55"
"09271";"Deggendorf";"Kreise";"23.27";"84.07";"34.20";"13.33"
"09272";"Freyung-Grafenau";"Kreise";"23.71";"72.33";"32.43";"15.08"
"09273";"Kelheim";"Kreise";"22.12";"87.92";"34.70";"11.32"
"09274";"Landshut";"Kreise";"15.23";"117.37";"33.29";"10.29"
"09275";"Passau";"Kreise";"19.34";"78.12";"33.09";"12.89"
"09276";"Regen";"Kreise";"22.49";"70.53";"32.62";"15.85"
"09277";"Rottal-Inn";"Kreise";"17.22";"86.23";"33.74";"11.41"
"09278";"Straubing-Bogen";"Kreise";"22.93";"83.66";"37.63";"11.75"
"09279";"Dingolfing-Landau";"Kreise";"19.44";"107.96";"35.02";"13.67"
"09361";"Amberg";"Kreise";"27.05";"78.36";"31.45";"11.56"
"09362";"Regensburg. Stadt";"Kreise";"36.88";"88.29";"25.24";"6.97"
"09363";"Weiden i.d.OPf.";"Kreise";"32.67";"66.63";"31.71";"11.47"
"09371";"Amberg-Sulzbach";"Kreise";"9.50";"81.90";"34.09";"10.79"
"09372";"Cham";"Kreise";"21.11";"81.14";"34.22";"13.79"
"09373";"Neumarkt i.d.OPf.";"Kreise";"23.02";"87.19";"36.80";"9.82"
"09374";"Neustadt a.d.Waldnaab";"Kreise";"19.14";"83.79";"35.47";"11.64"
"09375";"Regensburg";"Kreise";"19.11";"80.24";"34.82";"10.13"
"09376";"Schwandorf";"Kreise";"23.50";"75.97";"34.00";"13.22"
"09377";"Tirschenreuth";"Kreise";"14.18";"92.28";"36.97";"10.89"
"09461";"Bamberg. Stadt";"Kreise";"50.71";"69.17";"26.01";"7.77"
"09462";"Bayreuth. Stadt";"Kreise";"43.35";"72.93";"27.58";"7.27"
"09463";"Coburg. Stadt";"Kreise";"32.36";"112.12";"26.35";"7.86"
"09464";"Hof. Stadt";"Kreise";"33.50";"63.48";"31.78";"11.29"
"09471";"Bamberg";"Kreise";"0.00";"77.90";"37.48";"12.72"
"09472";"Bayreuth";"Kreise";"13.08";"76.84";"37.00";"9.71"
"09473";"Coburg";"Kreise";"14.67";"72.78";"30.78";"10.87"
"09474";"Forchheim";"Kreise";"23.62";"88.36";"36.35";"9.01"
"09475";"Hof";"Kreise";"17.09";"80.17";"34.53";"11.47"
"09476";"Kronach";"Kreise";"28.62";"71.72";"36.22";"11.31"
"09477";"Kulmbach";"Kreise";"32.64";"76.34";"33.74";"10.31"
"09478";"Lichtenfels";"Kreise";"29.84";"72.94";"36.69";"11.52"
"09479";"Wunsiedel i.Fichtelgebirge";"Kreise";"26.98";"74.10";"32.13";"12.07"
"09561";"Ansbach. Stadt";"Kreise";"31.93";"72.71";"28.66";"11.30"
"09562";"Erlangen";"Kreise";"44.46";"107.96";"23.79";"5.41"
"09563";"Fürth. Stadt";"Kreise";"25.81";"83.13";"24.10";"8.66"
"09564";"Nürnberg";"Kreise";"29.26";"86.29";"26.46";"7.89"
"09565";"Schwabach";"Kreise";"33.40";"75.04";"29.63";"8.89"
"09571";"Ansbach";"Kreise";"19.27";"78.60";"33.55";"10.11"
"09572";"Erlangen-Höchstadt";"Kreise";"35.73";"85.03";"32.20";"7.95"
"09573";"Fürth";"Kreise";"31.31";"84.45";"31.63";"8.87"
"09574";"Nürnberger Land";"Kreise";"25.18";"78.87";"31.01";"8.06"
"09575";"Neustadt a.d.Aisch-Bad Windsheim";"Kreise";"27.15";"74.94";"34.28";"9.62"
"09576";"Roth";"Kreise";"24.59";"78.44";"34.04";"9.09"
"09577";"Weißenburg-Gunzenhausen";"Kreise";"22.52";"74.52";"33.78";"9.26"
"09661";"Aschaffenburg. Stadt";"Kreise";"34.38";"87.29";"26.63";"9.30"
"09662";"Schweinfurt. Stadt";"Kreise";"33.10";"82.90";"28.03";"12.32"
"09663";"Würzburg. Stadt";"Kreise";"42.02";"72.10";"24.52";"5.94"
"09671";"Aschaffenburg";"Kreise";"23.19";"89.74";"33.01";"9.45"
"09672";"Bad Kissingen";"Kreise";"29.46";"71.34";"38.34";"10.19"
"09673";"Rhön-Grabfeld";"Kreise";"24.24";"83.68";"39.24";"10.06"
"09674";"Haßberge";"Kreise";"21.66";"72.64";"35.16";"11.74"
"09675";"Kitzingen";"Kreise";"34.89";"74.62";"35.22";"8.83"
"09676";"Miltenberg";"Kreise";"24.84";"80.42";"32.94";"9.28"
"09677";"Main-Spessart";"Kreise";"23.81";"84.05";"35.84";"8.47"
"09678";"Schweinfurt";"Kreise";"0.00";"77.52";"36.78";"10.17"
"09679";"Würzburg";"Kreise";"12.31";"87.53";"34.42";"7.10"
"09761";"Augsburg. Stadt";"Kreise";"27.44";"77.28";"24.68";"8.86"
"09762";"Kaufbeuren";"Kreise";"25.24";"70.93";"28.32";"11.05"
"09763";"Kempten (Allgäu)";"Kreise";"25.51";"80.58";"25.76";"9.63"
"09764";"Memmingen";"Kreise";"22.60";"77.36";"27.60";"11.27"
"09771";"Aichach-Friedberg";"Kreise";"18.29";"80.45";"34.79";"9.79"
"09772";"Augsburg";"Kreise";"21.69";"78.06";"32.80";"9.85"
"09773";"Dillingen a.d.Donau";"Kreise";"27.18";"82.34";"34.08";"12.75"
"09774";"Günzburg";"Kreise";"24.51";"81.13";"31.75";"12.69"
"09775";"Neu-Ulm";"Kreise";"22.12";"78.60";"30.76";"10.98"
"09776";"Lindau (Bodensee)";"Kreise";"31.86";"77.94";"29.54";"7.13"
"09777";"Ostallgäu";"Kreise";"23.71";"83.22";"33.03";"8.46"
"09778";"Unterallgäu";"Kreise";"21.04";"86.32";"32.67";"11.78"
"09779";"Donau-Ries";"Kreise";"21.42";"88.80";"35.41";"9.60"
"09780";"Oberallgäu";"Kreise";"18.20";"72.95";"32.57";"7.72"
"10041";"Regionalverband Saarbrücken";"Kreise";"34.28";"76.81";"21.00";"9.65"
"10042";"Merzig-Wadern";"Kreise";"43.20";"71.51";"25.24";"9.68"
"10043";"Neunkirchen";"Kreise";"20.73";"68.91";"22.53";"11.33"
"10044";"Saarlouis";"Kreise";"35.22";"73.27";"24.32";"10.19"
"10045";"Saarpfalz-Kreis";"Kreise";"38.33";"75.70";"23.99";"10.69"
"10046";"St. Wendel";"Kreise";"44.08";"69.23";"28.71";"8.65"
"11000";"Berlin. Stadt";"Kreise";"45.53";"82.90";"15.86";"8.41"
"12051";"Brandenburg an der Havel. Stadt";"Kreise";"33.17";"66.76";"14.86";"15.77"
"12052";"Cottbus. Stadt";"Kreise";"42.78";"65.78";"13.11";"20.30"
"12053";"Frankfurt (Oder). Stadt";"Kreise";"42.75";"64.77";"13.75";"18.26"
"12054";"Potsdam. Stadt";"Kreise";"59.29";"73.12";"11.77";"9.18"
"12060";"Barnim";"Kreise";"38.58";"70.24";"15.02";"17.44"
"12061";"Dahme-Spreewald";"Kreise";"41.74";"89.15";"16.04";"18.11"
"12062";"Elbe-Elster";"Kreise";"31.54";"67.53";"16.07";"24.60"
"12063";"Havelland";"Kreise";"48.93";"66.39";"16.95";"16.33"
"12064";"Märkisch-Oderland";"Kreise";"29.93";"70.12";"14.86";"19.15"
"12065";"Oberhavel";"Kreise";"41.65";"85.63";"16.74";"16.97"
"12066";"Oberspreewald-Lausitz";"Kreise";"27.88";"67.39";"14.06";"25.09"
"12067";"Oder-Spree";"Kreise";"34.53";"88.74";"14.26";"20.67"
"12068";"Ostprignitz-Ruppin";"Kreise";"31.69";"66.73";"16.24";"18.23"
"12069";"Potsdam-Mittelmark";"Kreise";"50.22";"71.48";"16.73";"13.08"
"12070";"Prignitz";"Kreise";"27.29";"72.03";"16.51";"19.22"
"12071";"Spree-Neiße";"Kreise";"33.78";"123.07";"14.39";"27.39"
"12072";"Teltow-Fläming";"Kreise";"34.77";"81.81";"15.98";"17.10"
"12073";"Uckermark";"Kreise";"30.62";"100.16";"15.94";"21.16"
"13003";"Rostock";"Kreise";"44.77";"80.37";"12.54";"11.37"
"13004";"Schwerin";"Kreise";"42.87";"67.44";"14.49";"13.66"
"13071";"Mecklenburgische Seenplatte";"Kreise";"34.22";"70.72";"18.17";"20.72"
"13072";"Landkreis Rostock";"Kreise";"28.45";"72.05";"18.38";"18.00"
"13073";"Vorpommern-Rügen";"Kreise";"29.28";"67.90";"19.28";"20.32"
"13074";"Nordwestmecklenburg";"Kreise";"31.59";"77.26";"16.87";"16.00"
"13075";"Vorpommern-Greifswald";"Kreise";"30.26";"64.68";"19.17";"21.98"
"13076";"Ludwigslust-Parchim";"Kreise";"27.37";"75.25";"18.23";"17.90"
"14511";"Chemnitz. Stadt";"Kreise";"31.69";"68.48";"14.84";"21.56"
"14521";"Erzgebirgskreis";"Kreise";"24.68";"60.57";"19.24";"30.15"
"14522";"Mittelsachsen";"Kreise";"28.64";"69.68";"17.91";"29.43"
"14523";"Vogtlandkreis";"Kreise";"28.93";"63.84";"19.67";"25.06"
"14524";"Zwickau";"Kreise";"33.13";"70.68";"18.27";"25.28"
"14612";"Dresden. Stadt";"Kreise";"42.70";"76.16";"14.45";"17.61"
"14625";"Bautzen";"Kreise";"28.42";"64.99";"18.25";"31.37"
"14626";"Görlitz";"Kreise";"25.73";"77.36";"18.30";"32.53"
"14627";"Meißen";"Kreise";"29.83";"70.62";"17.56";"29.77"
"14628";"Sächsische Schweiz-Osterzgebirge";"Kreise";"26.79";"63.83";"17.11";"31.93"
"14713";"Leipzig. Stadt";"Kreise";"41.50";"70.25";"14.01";"13.32"
"14729";"Leipzig";"Kreise";"30.89";"81.02";"20.39";"23.97"
"14730";"Nordsachsen";"Kreise";"27.50";"75.20";"19.53";"27.23"
"15001";"Dessau-Roßlau. Stadt";"Kreise";"29.86";"67.28";"20.60";"17.52"
"15002";"Halle (Saale). Stadt";"Kreise";"35.84";"67.55";"16.91";"13.80"
"15003";"Magdeburg. Landeshauptstadt";"Kreise";"32.73";"68.57";"17.56";"13.99"
"15081";"Altmarkkreis Salzwedel";"Kreise";"27.02";"73.37";"21.31";"17.74"
"15082";"Anhalt-Bitterfeld";"Kreise";"24.88";"88.91";"21.71";"22.06"
"15083";"Börde";"Kreise";"28.69";"84.15";"22.12";"20.71"
"15084";"Burgenlandkreis";"Kreise";"27.55";"72.78";"21.23";"24.98"
"15085";"Harz";"Kreise";"29.30";"66.40";"22.32";"17.83"
"15086";"Jerichower Land";"Kreise";"25.48";"72.99";"22.54";"19.06"
"15087";"Mansfeld-Südharz";"Kreise";"19.30";"68.11";"21.47";"23.97"
"15088";"Saalekreis";"Kreise";"24.39";"98.25";"22.05";"23.58"
"15089";"Salzlandkreis";"Kreise";"21.28";"72.20";"21.96";"21.74"
"15090";"Stendal";"Kreise";"25.63";"80.48";"20.67";"20.22"
"15091";"Wittenberg";"Kreise";"24.92";"72.30";"25.20";"19.86"
"16051";"Erfurt. Stadt";"Kreise";"38.35";"69.34";"14.16";"16.51"
"16052";"Gera. Stadt";"Kreise";"29.70";"64.58";"14.07";"27.23"
"16053";"Jena. Stadt";"Kreise";"56.07";"76.51";"11.92";"11.71"
"16054";"Suhl. Stadt";"Kreise";"26.94";"63.63";"15.36";"22.52"
"16055";"Weimar. Stadt";"Kreise";"49.20";"65.01";"14.28";"14.33"
"16061";"Eichsfeld";"Kreise";"35.46";"65.90";"29.61";"19.68"
"16062";"Nordhausen";"Kreise";"24.03";"67.05";"16.83";"21.99"
"16063";"Wartburgkreis";"Kreise";"29.28";"75.54";"17.93";"24.30"
"16064";"Unstrut-Hainich-Kreis";"Kreise";"27.40";"63.80";"18.92";"24.73"
"16065";"Kyffhäuserkreis";"Kreise";"25.56";"73.94";"16.94";"26.94"
"16066";"Schmalkalden-Meiningen";"Kreise";"24.61";"66.13";"16.95";"25.49"
"16067";"Gotha";"Kreise";"29.19";"67.99";"15.89";"25.77"
"16068";"Sömmerda";"Kreise";"25.42";"70.91";"17.75";"27.02"
"16069";"Hildburghausen";"Kreise";"17.41";"57.57";"16.30";"28.81"
"16070";"Ilm-Kreis";"Kreise";"28.27";"73.21";"15.05";"26.20"
"16071";"Weimarer Land";"Kreise";"24.35";"77.70";"18.92";"24.84"
"16072";"Sonneberg";"Kreise";"24.10";"66.76";"16.51";"27.98"
"16073";"Saalfeld-Rudolstadt";"Kreise";"30.51";"71.21";"15.68";"29.48"
"16074";"Saale-Holzland-Kreis";"Kreise";"30.55";"67.95";"17.94";"24.50"
"16075";"Saale-Orla-Kreis";"Kreise";"28.01";"76.45";"15.70";"30.41"
"16076";"Greiz";"Kreise";"23.09";"66.86";"17.82";"27.65"
"16077";"Altenburger Land";"Kreise";"31.51";"62.67";"17.19";"29.48"
