Kennziffer;Raumeinheit;Aggregat;Arbeitslosenquote Jüngere;Großunternehmen;Einwohner von 18 bis unter 25 Jahren_2021;Einwohner von 18 bis unter 25 Jahren_2022;Medianeinkommen anerkannter Berufsabschluss;Studierende je 100 Einwohner 18 bis 25 Jahre;Auszubildende;Siedlungsdichte in km²;Pkw-Dichte;Bevölkerung gesamt_2021;Bevölkerung gesamt_2022;Mittlere Unternehmen;Schulabgänger mit mittlerem Abschluss;Schulabgänger mit Hauptschulabschluss
"01001";"Flensburg. Stadt";"Kreise";"5.61";"0.68";"11.43";"11.20";"3281.53";"95.64";"42.02";"3049.42";"491.50";"91113.00";"92550.00";"4.33";"29.41";"18.63"
"01002";"Kiel. Landeshauptstadt";"Kreise";"4.72";"0.81";"10.69";"10.51";"3486.03";"138.04";"42.96";"3552.01";"452.75";"246243.00";"247717.00";"3.81";"29.02";"17.67"
"01003";"Lübeck. Hansestadt";"Kreise";"6.01";"0.65";"8.04";"7.92";"3326.06";"79.64";"40.61";"2689.21";"468.45";"216277.00";"218095.00";"3.15";"31.15";"18.53"
"01004";"Neumünster. Stadt";"Kreise";"7.11";"0.53";"8.02";"7.79";"3189.76";"0.00";"45.01";"2141.18";"546.34";"79496.00";"79502.00";"3.66";"28.83";"18.71"
"01051";"Dithmarschen";"Kreise";"5.48";"0.21";"7.37";"7.12";"3186.57";"17.97";"53.52";"839.66";"619.31";"133969.00";"135252.00";"2.16";"39.28";"20.16"
"01053";"Herzogtum Lauenburg";"Kreise";"4.90";"0.18";"6.61";"6.46";"3193.30";"0.00";"42.74";"1343.39";"594.86";"200819.00";"203712.00";"1.97";"35.18";"19.89"
"01054";"Nordfriesland";"Kreise";"3.70";"0.16";"7.10";"6.93";"3053.93";"0.00";"45.35";"735.03";"632.48";"167560.00";"169043.00";"1.56";"43.76";"20.73"
"01055";"Ostholstein";"Kreise";"4.29";"0.21";"6.08";"6.01";"2929.93";"0.00";"41.42";"1177.80";"643.05";"202014.00";"203606.00";"1.75";"38.97";"21.14"
"01056";"Pinneberg";"Kreise";"4.07";"0.22";"6.81";"6.73";"3318.70";"17.59";"39.15";"2201.54";"561.72";"318326.00";"322130.00";"2.25";"34.45";"18.19"
"01057";"Plön";"Kreise";"3.52";"0.09";"6.04";"5.99";"3111.07";"0.00";"42.17";"1212.62";"625.30";"129687.00";"131266.00";"1.43";"36.42";"21.41"
"01058";"Rendsburg-Eckernförde";"Kreise";"3.79";"0.25";"6.68";"6.62";"3212.23";"8.21";"44.82";"1106.66";"638.73";"276053.00";"278979.00";"2.31";"34.35";"18.97"
"01059";"Schleswig-Flensburg";"Kreise";"3.63";"0.20";"6.51";"6.35";"3005.98";"0.00";"43.31";"889.97";"642.04";"203799.00";"206038.00";"1.84";"37.41";"26.57"
"01060";"Segeberg";"Kreise";"3.52";"0.34";"6.63";"6.62";"3303.86";"0.00";"37.91";"1515.41";"605.23";"280400.00";"284988.00";"2.33";"37.28";"18.39"
"01061";"Steinburg";"Kreise";"5.24";"0.30";"6.77";"6.74";"3256.73";"0.00";"51.60";"1094.82";"628.45";"130843.00";"132419.00";"2.15";"37.50";"23.61"
"01062";"Stormarn";"Kreise";"2.77";"0.33";"6.34";"6.27";"3321.73";"1.37";"38.15";"1767.32";"628.91";"245406.00";"247973.00";"2.46";"30.14";"12.71"
"02000";"Hamburg. Freie und Hansestadt";"Kreise";"5.37";"0.53";"7.76";"7.81";"3704.51";"82.75";"31.30";"4285.47";"430.12";"1853935.00";"1892122.00";"2.59";"22.63";"16.43"
"03101";"Braunschweig. Stadt";"Kreise";"3.46";"0.61";"8.56";"8.58";"3544.89";"88.05";"39.65";"2774.09";"576.36";"248823.00";"251804.00";"3.80";"35.58";"8.58"
"03102";"Salzgitter. Stadt";"Kreise";"8.53";"0.68";"7.68";"7.48";"4257.17";"26.56";"36.28";"1628.73";"542.49";"103694.00";"104548.00";"4.22";"49.85";"17.73"
"03103";"Wolfsburg. Stadt";"Kreise";"6.62";"0.82";"6.74";"6.66";"4529.57";"32.26";"29.84";"1935.78";"1003.83";"123949.00";"125961.00";"4.20";"43.55";"10.47"
"03151";"Gifhorn";"Kreise";"4.95";"0.45";"6.69";"6.53";"3235.70";"0.00";"42.58";"1022.65";"612.24";"177919.00";"180232.00";"2.11";"50.91";"14.25"
"03153";"Goslar";"Kreise";"5.97";"0.24";"7.08";"7.10";"3127.79";"36.30";"40.04";"1250.90";"602.07";"134050.00";"134672.00";"3.06";"50.82";"17.64"
"03154";"Helmstedt";"Kreise";"6.26";"0.48";"6.32";"6.17";"2979.39";"0.00";"39.73";"1096.66";"614.77";"91379.00";"92470.00";"2.00";"47.46";"16.32"
"03155";"Northeim";"Kreise";"5.64";"0.41";"6.84";"6.65";"3205.36";"0.00";"39.33";"901.98";"669.48";"131765.00";"133258.00";"3.24";"50.42";"10.61"
"03157";"Peine";"Kreise";"4.89";"0.26";"6.95";"6.94";"3263.86";"0.00";"34.69";"1418.68";"622.73";"136960.00";"138931.00";"2.59";"46.95";"13.69"
"03158";"Wolfenbüttel";"Kreise";"4.49";"0.30";"6.89";"6.74";"3255.06";"67.26";"39.81";"1372.63";"631.94";"119224.00";"120531.00";"1.90";"46.32";"13.31"
"03159";"Göttingen";"Kreise";"4.61";"0.50";"8.59";"8.52";"3331.85";"107.16";"40.96";"1355.70";"566.19";"323661.00";"328458.00";"3.23";"39.08";"12.38"
"03241";"Region Hannover";"Kreise";"5.94";"0.56";"7.76";"7.72";"3553.69";"55.88";"37.73";"2268.17";"507.15";"1157541.00";"1173891.00";"2.87";"41.62";"11.58"
"03251";"Diepholz";"Kreise";"3.77";"0.24";"7.03";"6.92";"3134.69";"2.34";"41.84";"876.64";"647.80";"218839.00";"222816.00";"2.58";"52.48";"14.90"
"03252";"Hameln-Pyrmont";"Kreise";"5.57";"0.46";"6.88";"6.69";"3349.87";"4.48";"45.46";"1289.39";"622.97";"148963.00";"150640.00";"2.88";"47.68";"12.43"
"03254";"Hildesheim";"Kreise";"5.22";"0.49";"7.84";"7.71";"3246.07";"55.58";"40.46";"1488.54";"587.25";"274773.00";"278371.00";"3.22";"46.94";"11.64"
"03255";"Holzminden";"Kreise";"5.96";"0.42";"7.17";"6.98";"3416.84";"25.71";"40.32";"956.19";"641.85";"69862.00";"70911.00";"3.06";"44.38";"19.53"
"03256";"Nienburg (Weser)";"Kreise";"4.88";"0.27";"7.38";"7.26";"3195.76";"0.00";"47.81";"769.04";"640.64";"121773.00";"123469.00";"3.05";"48.08";"17.22"
"03257";"Schaumburg";"Kreise";"6.68";"0.35";"7.01";"6.89";"3153.76";"0.00";"41.44";"1303.24";"648.42";"158108.00";"159960.00";"2.35";"41.26";"15.05"
"03351";"Celle";"Kreise";"5.80";"0.33";"6.93";"6.82";"3340.82";"0.73";"51.88";"978.46";"614.90";"179915.00";"181994.00";"2.10";"47.90";"20.00"
"03352";"Cuxhaven";"Kreise";"4.40";"0.16";"6.46";"6.35";"3139.17";"0.00";"49.39";"836.33";"637.24";"199603.00";"201413.00";"2.44";"53.81";"12.49"
"03353";"Harburg";"Kreise";"3.88";"0.16";"6.76";"6.73";"3135.42";"0.00";"37.68";"1233.99";"650.42";"257548.00";"261890.00";"2.04";"41.54";"12.25"
"03354";"Lüchow-Dannenberg";"Kreise";"6.86";"0.20";"6.03";"6.10";"3060.55";"0.00";"48.41";"479.83";"640.84";"48472.00";"49178.00";"2.45";"45.59";"20.26"
"03355";"Lüneburg";"Kreise";"4.94";"0.36";"8.18";"8.12";"3140.43";"63.52";"45.37";"1196.81";"569.40";"185129.00";"187552.00";"2.75";"41.09";"13.79"
"03356";"Osterholz";"Kreise";"3.26";"0.33";"6.45";"6.35";"3052.70";"0.00";"44.51";"1142.66";"638.79";"115054.00";"116551.00";"2.03";"42.13";"9.83"
"03357";"Rotenburg (Wümme)";"Kreise";"3.86";"0.32";"7.77";"7.51";"3184.45";"0.00";"50.79";"723.34";"690.88";"165001.00";"167604.00";"2.61";"53.97";"12.16"
"03358";"Heidekreis";"Kreise";"5.35";"0.36";"7.67";"7.58";"3205.03";"0.00";"43.54";"720.56";"620.29";"142912.00";"145394.00";"3.30";"50.58";"15.00"
"03359";"Stade";"Kreise";"4.48";"0.30";"7.30";"7.18";"3357.26";"6.65";"50.98";"1300.51";"609.27";"206496.00";"210306.00";"2.90";"47.02";"16.27"
"03360";"Uelzen";"Kreise";"4.69";"0.38";"6.75";"6.64";"3061.52";"19.61";"46.88";"723.97";"614.25";"92894.00";"94362.00";"3.07";"50.25";"15.16"
"03361";"Verden";"Kreise";"3.32";"0.39";"7.05";"6.94";"3235.90";"3.37";"39.07";"1169.79";"626.61";"138507.00";"140913.00";"2.70";"43.25";"16.31"
"03401";"Delmenhorst. Stadt";"Kreise";"7.77";"0.34";"7.58";"7.57";"3118.89";"0.00";"48.21";"2534.27";"548.80";"77522.00";"78385.00";"3.27";"47.14";"16.23"
"03402";"Emden. Stadt";"Kreise";"5.91";"0.60";"8.65";"8.56";"3908.18";"92.25";"37.27";"1586.66";"502.66";"49523.00";"50535.00";"4.74";"38.43";"15.29"
"03403";"Oldenburg (Oldenburg). Stadt";"Kreise";"5.04";"0.67";"9.68";"9.50";"3323.70";"106.32";"52.34";"2824.94";"524.63";"170389.00";"172830.00";"3.72";"40.99";"9.76"
"03404";"Osnabrück. Stadt";"Kreise";"4.60";"0.72";"11.60";"11.39";"3451.13";"130.44";"46.30";"2782.94";"521.49";"165034.00";"167366.00";"4.23";"43.58";"7.91"
"03405";"Wilhelmshaven. Stadt";"Kreise";"6.86";"0.47";"8.19";"7.89";"3369.62";"64.03";"47.53";"1585.85";"532.81";"75027.00";"76089.00";"3.57";"40.84";"14.95"
"03451";"Ammerland";"Kreise";"3.21";"0.28";"7.04";"6.96";"3132.22";"0.00";"50.98";"997.07";"638.95";"126475.00";"128253.00";"2.46";"54.10";"13.79"
"03452";"Aurich";"Kreise";"4.56";"0.25";"7.32";"7.17";"3034.70";"0.00";"44.56";"1000.17";"623.47";"190425.00";"192072.00";"2.53";"47.64";"15.37"
"03453";"Cloppenburg";"Kreise";"3.19";"0.44";"9.05";"8.82";"3071.31";"0.00";"47.76";"874.17";"589.33";"173980.00";"177701.00";"2.87";"54.67";"17.25"
"03454";"Emsland";"Kreise";"2.35";"0.49";"7.94";"7.81";"3325.78";"8.68";"45.68";"848.65";"614.56";"331397.00";"338052.00";"3.26";"52.06";"14.69"
"03455";"Friesland";"Kreise";"3.37";"0.27";"6.72";"6.48";"3204.05";"0.00";"47.54";"986.88";"673.32";"98971.00";"100277.00";"2.63";"45.03";"17.78"
"03456";"Grafschaft Bentheim";"Kreise";"2.21";"0.47";"7.53";"7.37";"3188.73";"0.00";"43.09";"968.99";"616.63";"138722.00";"141269.00";"3.74";"52.31";"12.94"
"03457";"Leer";"Kreise";"4.13";"0.19";"7.53";"7.34";"3027.57";"2.66";"54.05";"1050.92";"609.52";"172421.00";"174348.00";"2.79";"50.79";"20.41"
"03458";"Oldenburg";"Kreise";"2.86";"0.18";"7.36";"7.17";"3066.16";"0.00";"46.57";"871.72";"640.95";"132091.00";"133913.00";"2.60";"58.65";"17.85"
"03459";"Osnabrück";"Kreise";"2.32";"0.47";"7.47";"7.36";"3218.95";"0.00";"45.24";"1143.26";"643.75";"361550.00";"366221.00";"3.06";"52.85";"16.46"
"03460";"Vechta";"Kreise";"2.50";"0.58";"8.98";"8.76";"3211.16";"36.11";"44.23";"1052.24";"614.92";"144805.00";"146924.00";"3.75";"51.39";"15.13"
"03461";"Wesermarsch";"Kreise";"5.46";"0.57";"7.35";"7.10";"3727.44";"9.67";"49.35";"897.39";"607.81";"88430.00";"89568.00";"2.44";"49.02";"22.04"
"03462";"Wittmund";"Kreise";"4.16";"0.19";"7.13";"6.83";"2957.54";"0.00";"50.94";"778.54";"638.77";"57455.00";"58359.00";"1.87";"53.72";"12.94"
"04011";"Bremen. Stadt";"Kreise";"8.05";"0.75";"8.38";"8.18";"3601.79";"73.28";"38.48";"2931.25";"434.30";"563290.00";"569396.00";"3.65";"32.51";"21.68"
"04012";"Bremerhaven. Stadt";"Kreise";"10.00";"0.50";"8.18";"8.21";"3498.41";"30.41";"42.95";"2607.09";"450.68";"113173.00";"115468.00";"3.95";"26.73";"26.59"
"05111";"Düsseldorf. Stadt";"Kreise";"4.94";"0.65";"7.06";"7.06";"3885.88";"141.99";"27.96";"4687.38";"506.81";"619477.00";"629047.00";"2.63";"39.17";"14.32"
"05112";"Duisburg. Stadt";"Kreise";"8.42";"0.58";"7.82";"7.75";"3720.57";"44.17";"42.68";"3540.44";"469.70";"495152.00";"502211.00";"3.21";"36.53";"18.53"
"05113";"Essen. Stadt";"Kreise";"8.88";"0.76";"7.40";"7.31";"3589.75";"77.05";"36.95";"4201.38";"505.74";"579432.00";"584580.00";"2.95";"37.14";"14.63"
"05114";"Krefeld. Stadt";"Kreise";"6.66";"0.59";"7.42";"7.30";"3718.46";"31.88";"42.97";"2949.34";"531.81";"227050.00";"228426.00";"2.73";"36.16";"17.77"
"05116";"Mönchengladbach. Stadt";"Kreise";"8.32";"0.42";"7.64";"7.79";"3327.34";"42.01";"40.37";"3131.52";"530.66";"261001.00";"268465.00";"3.21";"36.68";"17.34"
"05117";"Mülheim an der Ruhr. Stadt";"Kreise";"3.84";"0.51";"6.57";"6.53";"3597.24";"59.55";"39.00";"3378.48";"553.00";"170739.00";"172404.00";"2.24";"38.39";"11.31"
"05119";"Oberhausen. Stadt";"Kreise";"7.68";"0.62";"6.86";"6.74";"3468.65";"0.00";"38.30";"3766.73";"538.05";"208752.00";"210824.00";"2.95";"40.21";"15.34"
"05120";"Remscheid. Stadt";"Kreise";"5.22";"0.57";"7.21";"7.13";"3545.67";"0.00";"38.92";"3472.49";"565.12";"111770.00";"112613.00";"3.23";"38.10";"17.86"
"05122";"Solingen. Klingenstadt";"Kreise";"7.86";"0.41";"7.23";"7.10";"3443.04";"0.00";"39.08";"3681.10";"609.23";"158957.00";"160643.00";"2.04";"43.12";"13.46"
"05124";"Wuppertal. Stadt";"Kreise";"8.40";"0.48";"8.10";"8.04";"3623.87";"81.86";"41.13";"4269.79";"496.29";"354572.00";"358876.00";"2.38";"40.55";"14.90"
"05154";"Kleve";"Kreise";"3.65";"0.35";"7.44";"7.45";"3247.46";"19.53";"43.89";"1493.41";"625.64";"314676.00";"319290.00";"2.49";"43.32";"15.16"
"05158";"Mettmann";"Kreise";"4.66";"0.43";"6.53";"6.47";"3620.48";"2.03";"32.54";"3020.81";"613.08";"484411.00";"489794.00";"2.72";"40.15";"13.14"
"05162";"Rhein-Kreis Neuss";"Kreise";"3.51";"0.42";"6.61";"6.56";"3683.74";"3.14";"37.82";"2531.64";"607.63";"452496.00";"457264.00";"2.25";"33.04";"13.35"
"05166";"Viersen";"Kreise";"3.44";"0.27";"6.66";"6.51";"3253.35";"0.00";"37.07";"2016.64";"639.53";"298761.00";"300882.00";"2.21";"33.45";"16.04"
"05170";"Wesel";"Kreise";"5.47";"0.35";"6.41";"6.36";"3392.34";"8.44";"44.48";"1980.18";"628.32";"460433.00";"465838.00";"2.52";"33.75";"18.91"
"05314";"Bonn. Stadt";"Kreise";"4.21";"0.71";"9.89";"9.65";"3753.30";"119.58";"36.23";"4554.83";"519.41";"331885.00";"336465.00";"2.85";"32.54";"12.34"
"05315";"Köln. Stadt";"Kreise";"5.68";"0.62";"8.15";"8.11";"3759.08";"119.30";"30.27";"4439.48";"454.29";"1073096.00";"1084831.00";"2.44";"38.57";"14.65"
"05316";"Leverkusen. Stadt";"Kreise";"4.92";"0.53";"7.11";"7.08";"4046.09";"7.46";"41.52";"3642.81";"550.26";"163851.00";"165748.00";"2.61";"37.70";"13.35"
"05334";"Städteregion Aachen";"Kreise";"4.55";"0.45";"10.51";"10.34";"3464.42";"104.92";"42.32";"2875.92";"532.35";"556673.00";"562559.00";"2.81";"33.82";"15.50"
"05358";"Düren";"Kreise";"6.42";"0.44";"7.43";"7.29";"3495.50";"18.67";"43.06";"1728.91";"615.47";"266771.00";"270833.00";"2.25";"36.57";"16.94"
"05362";"Rhein-Erft-Kreis";"Kreise";"4.43";"0.36";"7.06";"6.99";"3494.92";"7.06";"35.17";"2397.58";"600.49";"471891.00";"478126.00";"2.29";"43.64";"13.80"
"05366";"Euskirchen";"Kreise";"3.99";"0.31";"6.93";"6.86";"3408.09";"6.39";"41.50";"1163.08";"688.51";"194701.00";"197247.00";"2.06";"37.56";"14.83"
"05370";"Heinsberg";"Kreise";"4.17";"0.37";"7.16";"6.93";"3300.10";"0.00";"49.28";"1716.83";"633.35";"258306.00";"261833.00";"2.28";"41.29";"15.91"
"05374";"Oberbergischer Kreis";"Kreise";"3.96";"0.47";"7.34";"7.12";"3480.40";"22.64";"40.69";"1491.33";"657.09";"271621.00";"275404.00";"2.78";"44.09";"14.96"
"05378";"Rheinisch-Bergischer Kreis";"Kreise";"4.52";"0.26";"6.58";"6.51";"3362.17";"3.58";"43.01";"2531.51";"643.13";"283429.00";"286213.00";"1.65";"38.35";"12.48"
"05382";"Rhein-Sieg-Kreis";"Kreise";"4.10";"0.26";"7.13";"7.06";"3339.23";"27.85";"40.58";"2177.52";"615.62";"600732.00";"608335.00";"2.19";"37.26";"15.16"
"05512";"Bottrop. Stadt";"Kreise";"6.26";"0.54";"6.91";"6.76";"3375.30";"19.29";"42.18";"2779.13";"591.99";"117311.00";"118113.00";"2.87";"37.50";"16.83"
"05513";"Gelsenkirchen. Stadt";"Kreise";"11.70";"0.75";"7.78";"7.72";"3475.59";"27.85";"42.38";"3494.09";"474.94";"260126.00";"263000.00";"3.16";"38.78";"18.44"
"05515";"Münster. Stadt";"Kreise";"2.55";"0.72";"12.17";"12.17";"3616.36";"160.94";"43.01";"3202.41";"472.14";"317713.00";"320946.00";"3.17";"32.23";"11.69"
"05554";"Borken";"Kreise";"2.80";"0.43";"7.63";"7.51";"3370.28";"5.76";"47.58";"1519.32";"611.30";"373582.00";"379070.00";"3.57";"44.92";"17.44"
"05558";"Coesfeld";"Kreise";"2.66";"0.30";"7.13";"6.93";"3321.50";"17.80";"49.18";"1437.48";"637.05";"221352.00";"224692.00";"2.59";"44.86";"14.44"
"05562";"Recklinghausen";"Kreise";"5.95";"0.37";"6.94";"6.86";"3442.63";"4.94";"47.50";"2463.36";"582.71";"612801.00";"619732.00";"2.70";"42.36";"16.29"
"05566";"Steinfurt";"Kreise";"3.61";"0.45";"7.82";"7.66";"3282.58";"13.59";"45.05";"1429.44";"615.68";"450176.00";"456464.00";"3.51";"45.70";"16.50"
"05570";"Warendorf";"Kreise";"3.73";"0.43";"7.50";"7.39";"3480.77";"0.00";"46.93";"1443.95";"624.81";"278176.00";"282263.00";"2.97";"43.18";"16.40"
"05711";"Bielefeld. Stadt";"Kreise";"5.48";"0.69";"9.05";"9.01";"3517.23";"127.43";"40.09";"2980.90";"522.94";"334002.00";"338332.00";"3.24";"45.73";"10.95"
"05754";"Gütersloh";"Kreise";"2.99";"0.70";"7.76";"7.66";"3515.38";"3.16";"37.11";"1741.27";"632.09";"366104.00";"371309.00";"3.35";"39.87";"15.92"
"05758";"Herford";"Kreise";"4.29";"0.36";"7.22";"7.16";"3331.56";"0.33";"40.17";"1767.03";"650.42";"250635.00";"253551.00";"3.09";"45.18";"12.68"
"05762";"Höxter";"Kreise";"3.06";"0.52";"7.16";"7.07";"3140.75";"9.12";"46.95";"1040.57";"643.96";"139994.00";"141819.00";"2.41";"38.87";"16.32"
"05766";"Lippe";"Kreise";"4.88";"0.41";"7.37";"7.28";"3460.50";"23.24";"43.02";"1606.21";"626.98";"346151.00";"350588.00";"2.57";"44.74";"16.71"
"05770";"Minden-Lübbecke";"Kreise";"5.20";"0.52";"7.39";"7.26";"3340.47";"7.42";"43.57";"1308.92";"652.75";"311214.00";"315974.00";"3.25";"40.00";"14.52"
"05774";"Paderborn";"Kreise";"3.53";"0.40";"8.88";"8.72";"3295.51";"75.99";"45.04";"1568.24";"596.64";"309380.00";"313758.00";"3.14";"41.23";"14.54"
"05911";"Bochum. Stadt";"Kreise";"5.68";"0.60";"8.39";"8.28";"3490.23";"190.06";"41.18";"3574.49";"577.38";"363441.00";"365742.00";"2.97";"36.36";"15.52"
"05913";"Dortmund. Stadt";"Kreise";"8.90";"0.73";"8.22";"8.12";"3533.41";"110.18";"40.28";"3518.04";"502.12";"586852.00";"593317.00";"3.03";"39.86";"14.81"
"05914";"Hagen. Stadt der FernUniversität";"Kreise";"8.92";"0.73";"7.75";"7.70";"3515.38";"487.51";"40.55";"3321.37";"526.39";"188713.00";"189783.00";"3.38";"38.89";"18.52"
"05915";"Hamm. Stadt";"Kreise";"6.11";"0.73";"8.20";"8.13";"3359.89";"25.48";"48.78";"2388.39";"551.30";"179238.00";"180849.00";"3.58";"45.61";"20.49"
"05916";"Herne. Stadt";"Kreise";"9.69";"0.56";"7.92";"7.79";"3518.38";"1.71";"72.39";"4128.23";"500.87";"156621.00";"157368.00";"3.17";"36.81";"16.56"
"05954";"Ennepe-Ruhr-Kreis";"Kreise";"5.29";"0.42";"6.68";"6.58";"3472.65";"13.46";"37.78";"2711.75";"620.45";"322143.00";"325193.00";"2.61";"41.35";"12.75"
"05958";"Hochsauerlandkreis";"Kreise";"3.08";"0.52";"7.13";"7.03";"3421.19";"20.00";"45.45";"1056.14";"652.52";"258615.00";"261647.00";"2.96";"44.95";"20.19"
"05962";"Märkischer Kreis";"Kreise";"4.27";"0.58";"7.12";"6.97";"3550.62";"8.61";"39.41";"2264.60";"625.07";"406793.00";"410346.00";"3.41";"43.29";"15.06"
"05966";"Olpe";"Kreise";"2.55";"0.68";"7.32";"7.21";"3538.92";"0.00";"42.17";"1233.84";"677.76";"133120.00";"134439.00";"3.47";"40.68";"17.08"
"05970";"Siegen-Wittgenstein";"Kreise";"4.30";"0.56";"7.93";"7.73";"3629.95";"84.64";"43.21";"1447.11";"643.12";"274342.00";"277136.00";"3.57";"43.88";"13.61"
"05974";"Soest";"Kreise";"4.09";"0.43";"7.20";"7.10";"3362.44";"27.89";"40.30";"1461.78";"635.35";"302298.00";"306068.00";"2.78";"39.53";"14.90"
"05978";"Unna";"Kreise";"4.58";"0.53";"6.94";"6.88";"3325.05";"1.03";"43.76";"2307.18";"608.10";"393063.00";"398866.00";"3.34";"37.21";"18.60"
"06411";"Darmstadt. Wissenschaftsstadt";"Kreise";"4.48";"0.76";"11.00";"10.88";"4032.17";"252.75";"33.58";"3773.09";"451.13";"159631.00";"162243.00";"3.24";"32.64";"10.41"
"06412";"Frankfurt am Main. Stadt";"Kreise";"5.11";"0.81";"7.57";"7.75";"4106.71";"126.90";"25.68";"5304.07";"444.46";"759224.00";"773068.00";"3.02";"47.05";"15.18"
"06413";"Offenbach am Main. Stadt";"Kreise";"7.26";"0.39";"8.09";"8.15";"3698.30";"7.34";"41.46";"6082.05";"434.72";"131295.00";"134170.00";"2.43";"48.96";"22.62"
"06414";"Wiesbaden. Landeshauptstadt";"Kreise";"8.79";"0.61";"8.22";"8.21";"3894.69";"61.46";"34.77";"3499.60";"676.93";"278950.00";"283083.00";"2.27";"47.99";"15.13"
"06431";"Bergstraße";"Kreise";"2.42";"0.18";"6.68";"6.62";"3343.86";"0.00";"36.15";"2271.42";"641.88";"271166.00";"275205.00";"1.99";"49.27";"16.14"
"06432";"Darmstadt-Dieburg";"Kreise";"4.00";"0.22";"7.08";"6.99";"3398.34";"16.75";"33.49";"2373.18";"634.01";"296900.00";"300658.00";"1.86";"50.66";"14.56"
"06433";"Groß-Gerau";"Kreise";"4.32";"0.39";"7.52";"7.52";"3702.45";"15.79";"28.98";"2567.16";"559.14";"276307.00";"280308.00";"2.74";"55.35";"20.31"
"06434";"Hochtaunuskreis";"Kreise";"4.94";"0.41";"6.48";"6.42";"3775.56";"3.19";"36.14";"2479.94";"681.42";"237041.00";"239488.00";"1.80";"42.97";"11.27"
"06435";"Main-Kinzig-Kreis";"Kreise";"5.01";"0.39";"7.09";"7.03";"3439.85";"0.00";"40.80";"1913.73";"610.60";"423465.00";"430838.00";"2.02";"49.48";"15.82"
"06436";"Main-Taunus-Kreis";"Kreise";"5.87";"0.44";"6.64";"6.68";"3863.51";"0.00";"25.20";"3324.47";"744.43";"239276.00";"242420.00";"2.36";"50.25";"13.37"
"06437";"Odenwaldkreis";"Kreise";"4.34";"0.26";"6.85";"6.60";"3292.85";"0.00";"39.25";"1429.49";"649.48";"96953.00";"97577.00";"2.00";"47.21";"18.36"
"06438";"Offenbach";"Kreise";"4.83";"0.33";"7.05";"7.08";"3625.71";"6.80";"32.23";"3429.65";"603.87";"357466.00";"362137.00";"2.32";"51.56";"15.71"
"06439";"Rheingau-Taunus-Kreis";"Kreise";"3.30";"0.20";"6.84";"6.73";"3396.41";"57.75";"34.92";"1725.65";"652.05";"187229.00";"189614.00";"1.70";"53.97";"18.07"
"06440";"Wetteraukreis";"Kreise";"3.46";"0.23";"6.99";"6.90";"3345.89";"23.92";"38.94";"1808.89";"617.53";"311661.00";"317298.00";"1.94";"45.33";"17.77"
"06531";"Gießen";"Kreise";"3.74";"0.43";"10.08";"9.68";"3473.24";"141.24";"45.86";"1798.18";"561.62";"272874.00";"278664.00";"2.69";"46.40";"13.54"
"06532";"Lahn-Dill-Kreis";"Kreise";"3.91";"0.47";"7.11";"7.01";"3504.87";"10.50";"43.91";"1459.30";"644.17";"253364.00";"257289.00";"2.87";"49.83";"19.35"
"06533";"Limburg-Weilburg";"Kreise";"3.35";"0.28";"7.32";"7.19";"3277.66";"0.00";"44.53";"1358.96";"651.71";"172759.00";"174884.00";"2.13";"52.30";"19.39"
"06534";"Marburg-Biedenkopf";"Kreise";"3.40";"0.53";"10.26";"10.08";"3596.52";"87.07";"42.99";"1403.27";"580.88";"246097.00";"249684.00";"2.83";"39.75";"17.72"
"06535";"Vogelsbergkreis";"Kreise";"4.09";"0.26";"6.62";"6.46";"3225.40";"0.00";"44.72";"695.75";"682.91";"105671.00";"106833.00";"2.67";"50.19";"21.11"
"06611";"Kassel. documenta-Stadt";"Kreise";"5.77";"0.74";"9.42";"9.17";"3612.75";"171.78";"42.19";"3108.57";"448.52";"200406.00";"204202.00";"3.85";"54.24";"15.95"
"06631";"Fulda";"Kreise";"2.49";"0.55";"7.93";"7.85";"3202.72";"52.57";"50.57";"1154.01";"638.16";"223572.00";"227456.00";"3.11";"53.48";"14.25"
"06632";"Hersfeld-Rotenburg";"Kreise";"3.59";"0.52";"6.75";"6.77";"3298.34";"32.10";"43.27";"897.63";"659.32";"120163.00";"121566.00";"3.37";"50.51";"20.88"
"06633";"Kassel";"Kreise";"3.97";"0.25";"6.40";"6.31";"3768.53";"0.00";"41.24";"1293.77";"635.19";"237268.00";"240718.00";"2.22";"50.42";"18.99"
"06634";"Schwalm-Eder-Kreis";"Kreise";"3.89";"0.42";"6.76";"6.60";"3311.99";"1.43";"41.28";"945.16";"661.36";"180052.00";"182595.00";"2.44";"47.90";"16.23"
"06635";"Waldeck-Frankenberg";"Kreise";"3.37";"0.60";"7.08";"6.97";"3380.75";"0.00";"48.06";"858.57";"667.88";"156513.00";"159154.00";"2.87";"52.09";"16.62"
"06636";"Werra-Meißner-Kreis";"Kreise";"5.55";"0.21";"6.85";"6.72";"3084.30";"24.39";"46.97";"845.07";"633.56";"99714.00";"100208.00";"2.65";"52.70";"22.50"
"07111";"Koblenz. kreisfreie Stadt";"Kreise";"3.98";"0.76";"9.01";"8.84";"3564.48";"155.71";"47.22";"2960.14";"558.78";"113638.00";"115268.00";"3.87";"30.43";"13.41"
"07131";"Ahrweiler";"Kreise";"2.63";"0.27";"6.63";"6.50";"3209.79";"34.67";"46.92";"1182.62";"670.48";"128146.00";"128161.00";"1.77";"33.22";"15.39"
"07132";"Altenkirchen (Westerwald)";"Kreise";"3.65";"0.37";"6.92";"6.67";"3319.16";"0.00";"44.79";"1281.60";"649.14";"129261.00";"131467.00";"2.75";"32.68";"21.65"
"07133";"Bad Kreuznach";"Kreise";"5.77";"0.44";"6.77";"6.55";"3414.01";"0.00";"45.14";"1333.67";"633.00";"159402.00";"161307.00";"2.45";"34.42";"20.31"
"07134";"Birkenfeld";"Kreise";"5.55";"0.40";"6.92";"6.76";"3150.60";"38.61";"44.45";"915.05";"646.65";"80849.00";"81760.00";"2.28";"32.53";"24.83"
"07135";"Cochem-Zell";"Kreise";"3.06";"0.31";"6.80";"6.73";"3169.88";"0.00";"50.75";"800.84";"673.20";"61735.00";"62666.00";"1.90";"43.16";"23.90"
"07137";"Mayen-Koblenz";"Kreise";"3.01";"0.38";"6.94";"6.80";"3339.35";"22.03";"45.31";"1552.32";"648.84";"215446.00";"218210.00";"2.25";"40.43";"20.76"
"07138";"Neuwied";"Kreise";"3.67";"0.44";"7.08";"6.96";"3411.94";"0.00";"43.72";"1602.05";"653.82";"184390.00";"187440.00";"2.42";"39.02";"20.72"
"07140";"Rhein-Hunsrück-Kreis";"Kreise";"2.60";"0.48";"6.60";"6.59";"3343.30";"22.87";"46.88";"851.20";"680.38";"103767.00";"105566.00";"2.81";"39.94";"19.82"
"07141";"Rhein-Lahn-Kreis";"Kreise";"1.96";"0.33";"6.46";"6.29";"3323.23";"0.00";"41.68";"1292.67";"653.41";"122724.00";"124381.00";"1.90";"34.79";"19.23"
"07143";"Westerwaldkreis";"Kreise";"2.41";"0.38";"6.78";"6.61";"3277.91";"4.10";"44.13";"1251.86";"676.58";"203831.00";"206282.00";"2.59";"44.59";"18.21"
"07211";"Trier. kreisfreie Stadt";"Kreise";"4.26";"0.52";"10.93";"10.38";"3378.75";"136.53";"47.25";"2943.98";"483.68";"110570.00";"112195.00";"3.56";"33.96";"17.92"
"07231";"Bernkastel-Wittlich";"Kreise";"2.60";"0.36";"6.67";"6.52";"3213.80";"1.88";"50.56";"807.77";"663.85";"113194.00";"115099.00";"2.34";"36.63";"20.14"
"07232";"Eifelkreis Bitburg-Prüm";"Kreise";"2.01";"0.22";"6.89";"6.84";"3481.63";"0.00";"56.42";"600.65";"658.13";"100959.00";"103642.00";"2.38";"38.34";"18.40"
"07233";"Vulkaneifel";"Kreise";"2.75";"0.26";"6.70";"6.46";"3277.41";"0.00";"51.96";"605.04";"686.07";"60882.00";"61769.00";"2.54";"46.84";"19.66"
"07235";"Trier-Saarburg";"Kreise";"2.15";"0.28";"6.44";"6.59";"3202.78";"0.00";"45.75";"1064.78";"664.49";"151167.00";"153860.00";"2.01";"35.07";"15.34"
"07311";"Frankenthal (Pfalz). kreisfreie Stadt";"Kreise";"6.76";"0.39";"7.07";"7.07";"3582.38";"0.00";"39.58";"2996.40";"549.73";"48773.00";"49051.00";"3.12";"36.03";"13.97"
"07312";"Kaiserslautern. kreisfreie Stadt";"Kreise";"5.43";"0.73";"9.60";"9.18";"3526.85";"172.09";"39.72";"2454.01";"490.46";"99292.00";"101228.00";"3.95";"27.88";"13.76"
"07313";"Landau in der Pfalz. kreisfreie Stadt";"Kreise";"3.41";"0.69";"10.47";"10.19";"3286.51";"169.61";"51.55";"2301.11";"587.48";"46919.00";"47610.00";"2.63";"30.94";"10.89"
"07314";"Ludwigshafen am Rhein. kreisfreie Stadt";"Kreise";"6.64";"0.85";"7.99";"7.99";"4503.63";"34.59";"46.82";"3680.36";"485.86";"172145.00";"174265.00";"3.64";"30.16";"23.35"
"07315";"Mainz. kreisfreie Stadt";"Kreise";"3.18";"0.61";"10.50";"10.43";"3722.85";"162.17";"36.75";"4586.23";"459.21";"217556.00";"220552.00";"2.93";"25.61";"11.33"
"07316";"Neustadt an der Weinstraße. kreisfreie Stadt";"Kreise";"6.05";"0.18";"6.62";"6.51";"3316.89";"0.00";"54.76";"2300.98";"618.07";"53491.00";"53981.00";"2.32";"13.74";"13.32"
"07317";"Pirmasens. kreisfreie Stadt";"Kreise";"9.76";"0.51";"7.41";"7.16";"3329.84";"23.38";"47.12";"2081.99";"570.50";"40054.00";"40682.00";"3.21";"30.47";"22.09"
"07318";"Speyer. kreisfreie Stadt";"Kreise";"4.45";"0.74";"7.18";"7.40";"3550.76";"8.12";"53.40";"2681.00";"577.91";"50565.00";"51368.00";"2.87";"29.36";"12.38"
"07319";"Worms. kreisfreie Stadt";"Kreise";"6.58";"0.52";"8.19";"8.05";"3493.12";"50.78";"47.79";"2562.70";"547.69";"83850.00";"84646.00";"2.87";"35.75";"18.76"
"07320";"Zweibrücken. kreisfreie Stadt";"Kreise";"4.95";"0.54";"7.25";"7.20";"3524.08";"108.62";"42.86";"1741.50";"620.40";"34091.00";"34534.00";"2.97";"36.98";"15.09"
"07331";"Alzey-Worms";"Kreise";"4.00";"0.25";"6.99";"6.72";"3254.38";"0.00";"43.34";"1450.07";"660.39";"131330.00";"132536.00";"1.40";"38.15";"16.82"
"07332";"Bad Dürkheim";"Kreise";"3.06";"0.10";"6.07";"5.93";"3268.19";"0.00";"44.00";"1686.04";"684.83";"133206.00";"134546.00";"1.69";"35.73";"17.12"
"07333";"Donnersbergkreis";"Kreise";"4.34";"0.28";"6.80";"6.66";"3550.24";"0.00";"39.94";"1029.42";"671.64";"75569.00";"76208.00";"2.33";"30.94";"20.43"
"07334";"Germersheim";"Kreise";"3.44";"0.31";"7.12";"6.87";"3830.25";"11.77";"31.75";"1733.05";"642.47";"129313.00";"130793.00";"2.09";"36.58";"17.31"
"07335";"Kaiserslautern";"Kreise";"4.70";"0.22";"6.60";"6.45";"3172.13";"0.00";"43.41";"1063.34";"643.59";"106853.00";"108216.00";"1.75";"37.63";"17.99"
"07336";"Kusel";"Kreise";"4.51";"0.14";"6.38";"6.48";"3148.34";"0.00";"47.61";"970.42";"670.31";"69949.00";"71462.00";"1.60";"40.17";"15.64"
"07337";"Südliche Weinstraße";"Kreise";"3.41";"0.29";"6.21";"6.14";"3323.59";"10.24";"38.73";"1368.38";"694.61";"111279.00";"112631.00";"1.53";"45.22";"13.72"
"07338";"Rhein-Pfalz-Kreis";"Kreise";"3.16";"0.05";"6.16";"6.09";"3212.29";"0.00";"35.41";"2253.52";"660.13";"155050.00";"155921.00";"1.65";"46.54";"26.11"
"07339";"Mainz-Bingen";"Kreise";"3.84";"0.21";"6.69";"6.56";"3502.40";"17.34";"36.13";"1885.67";"667.46";"212420.00";"214948.00";"1.61";"28.89";"12.65"
"07340";"Südwestpfalz";"Kreise";"2.63";"0.09";"5.93";"5.78";"2970.86";"0.00";"43.58";"947.38";"715.68";"94819.00";"94899.00";"1.51";"37.76";"25.17"
"08111";"Stuttgart. Stadtkreis";"Kreise";"3.45";"0.74";"8.18";"8.17";"4275.68";"117.75";"36.05";"5895.89";"478.45";"626275.00";"632865.00";"3.10";"38.31";"11.39"
"08115";"Böblingen";"Kreise";"1.83";"0.41";"7.06";"6.95";"4224.35";"0.00";"35.46";"2779.14";"646.26";"393195.00";"398528.00";"2.57";"51.84";"12.00"
"08116";"Esslingen";"Kreise";"2.45";"0.44";"7.34";"7.28";"3857.80";"20.87";"42.29";"3361.08";"624.86";"533388.00";"540226.00";"2.75";"46.48";"14.38"
"08117";"Göppingen";"Kreise";"3.23";"0.31";"7.28";"7.20";"3687.83";"19.51";"46.34";"2414.76";"645.10";"259046.00";"261857.00";"2.31";"51.02";"18.12"
"08118";"Ludwigsburg";"Kreise";"2.40";"0.46";"7.09";"7.04";"3726.42";"26.64";"39.00";"3190.43";"610.40";"544679.00";"551051.00";"2.58";"48.45";"14.72"
"08119";"Rems-Murr-Kreis";"Kreise";"2.40";"0.35";"7.22";"7.06";"3661.94";"0.00";"46.05";"2784.99";"624.17";"427316.00";"432397.00";"2.29";"50.92";"15.57"
"08121";"Heilbronn. Stadtkreis";"Kreise";"3.22";"0.69";"8.52";"8.59";"3664.31";"82.10";"51.24";"3543.18";"536.86";"125613.00";"128334.00";"4.38";"48.27";"18.82"
"08125";"Heilbronn";"Kreise";"1.98";"0.49";"7.30";"7.16";"3888.38";"0.00";"42.02";"1788.77";"708.60";"347798.00";"353283.00";"2.48";"50.46";"18.72"
"08126";"Hohenlohekreis";"Kreise";"1.92";"0.81";"7.58";"7.44";"3906.51";"16.84";"48.34";"1083.76";"739.26";"113318.00";"115063.00";"3.01";"52.55";"19.50"
"08127";"Schwäbisch Hall";"Kreise";"2.63";"0.56";"7.52";"7.40";"3650.95";"6.78";"49.55";"1124.17";"658.10";"199398.00";"202834.00";"3.04";"46.92";"20.78"
"08128";"Main-Tauber-Kreis";"Kreise";"2.20";"0.49";"7.14";"6.94";"3479.21";"5.22";"49.57";"933.07";"676.14";"132956.00";"134745.00";"3.19";"51.33";"18.96"
"08135";"Heidenheim";"Kreise";"2.89";"0.49";"7.42";"7.41";"3722.73";"24.09";"41.00";"1638.58";"637.89";"132958.00";"135035.00";"3.01";"44.02";"20.56"
"08136";"Ostalbkreis";"Kreise";"2.14";"0.57";"7.92";"7.78";"3840.78";"38.02";"45.59";"1581.39";"654.57";"315009.00";"319631.00";"2.61";"48.37";"16.47"
"08211";"Baden-Baden. Stadtkreis";"Kreise";"4.16";"0.45";"6.39";"6.38";"3558.65";"2.93";"45.20";"2733.70";"629.06";"55527.00";"57025.00";"2.86";"32.84";"15.67"
"08212";"Karlsruhe. Stadtkreis";"Kreise";"3.22";"0.73";"10.15";"10.04";"3810.94";"121.37";"43.29";"3803.68";"460.24";"306502.00";"308707.00";"3.44";"40.90";"8.95"
"08215";"Karlsruhe";"Kreise";"2.96";"0.37";"6.90";"6.75";"3559.86";"0.00";"38.98";"2253.57";"628.98";"448487.00";"454613.00";"2.59";"51.26";"17.43"
"08216";"Rastatt";"Kreise";"2.85";"0.45";"6.93";"6.78";"3935.42";"0.00";"36.48";"2188.72";"652.13";"232296.00";"234981.00";"2.70";"54.96";"17.88"
"08221";"Heidelberg. Stadtkreis";"Kreise";"2.21";"0.63";"13.13";"13.37";"3741.97";"170.03";"39.89";"4875.99";"378.13";"159245.00";"162273.00";"3.20";"31.28";"10.14"
"08222";"Mannheim. Stadtkreis";"Kreise";"2.45";"0.80";"9.67";"9.64";"3930.18";"93.07";"38.94";"3741.01";"491.74";"311831.00";"315554.00";"3.53";"41.33";"14.87"
"08225";"Neckar-Odenwald-Kreis";"Kreise";"2.41";"0.37";"7.24";"7.16";"3472.72";"25.74";"48.45";"1167.40";"663.52";"143929.00";"145493.00";"2.81";"42.81";"20.80"
"08226";"Rhein-Neckar-Kreis";"Kreise";"2.89";"0.29";"6.87";"6.75";"3549.59";"2.05";"39.15";"2591.71";"643.04";"549030.00";"555352.00";"2.01";"44.61";"13.80"
"08231";"Pforzheim. Stadtkreis";"Kreise";"4.09";"0.63";"8.25";"8.18";"3531.71";"55.52";"47.56";"4016.62";"496.16";"125529.00";"127849.00";"3.10";"39.02";"18.30"
"08235";"Calw";"Kreise";"2.68";"0.29";"7.44";"7.24";"3505.33";"2.42";"47.41";"1755.64";"662.73";"160686.00";"162853.00";"2.51";"57.03";"14.53"
"08236";"Enzkreis";"Kreise";"2.13";"0.36";"7.19";"7.09";"3546.29";"0.00";"40.61";"2130.39";"668.07";"200237.00";"202536.00";"2.27";"54.10";"16.35"
"08237";"Freudenstadt";"Kreise";"2.53";"0.42";"7.56";"7.46";"3724.83";"8.63";"55.57";"1394.93";"652.50";"119183.00";"121164.00";"3.17";"49.70";"20.04"
"08311";"Freiburg im Breisgau. Stadtkreis";"Kreise";"2.73";"0.59";"11.23";"11.28";"3662.62";"124.70";"46.98";"4778.23";"404.15";"231848.00";"236140.00";"3.07";"34.85";"9.43"
"08315";"Breisgau-Hochschwarzwald";"Kreise";"1.97";"0.29";"6.99";"6.90";"3400.72";"0.00";"49.08";"1815.75";"602.22";"265792.00";"269948.00";"2.27";"51.79";"13.96"
"08316";"Emmendingen";"Kreise";"2.04";"0.32";"6.95";"6.84";"3436.85";"0.00";"46.16";"2190.57";"610.49";"167945.00";"170996.00";"2.16";"50.79";"16.90"
"08317";"Ortenaukreis";"Kreise";"2.33";"0.53";"7.31";"7.18";"3503.13";"17.48";"44.63";"1946.97";"630.99";"434535.00";"441885.00";"3.16";"48.04";"19.47"
"08325";"Rottweil";"Kreise";"2.42";"0.42";"7.22";"7.13";"3673.94";"0.00";"51.56";"1388.31";"673.56";"140446.00";"142593.00";"2.93";"49.03";"16.45"
"08326";"Schwarzwald-Baar-Kreis";"Kreise";"3.38";"0.47";"7.31";"7.14";"3540.60";"64.74";"48.70";"1789.41";"618.06";"213385.00";"217181.00";"3.23";"52.10";"16.52"
"08327";"Tuttlingen";"Kreise";"3.91";"0.65";"7.69";"7.51";"3780.96";"9.23";"46.40";"1619.98";"628.93";"142414.00";"144891.00";"3.33";"47.23";"21.52"
"08335";"Konstanz";"Kreise";"2.40";"0.39";"9.17";"8.96";"3521.08";"60.98";"44.36";"2240.70";"562.39";"288097.00";"292568.00";"2.42";"46.95";"16.97"
"08336";"Lörrach";"Kreise";"2.27";"0.33";"6.86";"6.71";"3669.45";"12.12";"52.61";"2205.65";"595.80";"229445.00";"233027.00";"2.64";"48.79";"16.37"
"08337";"Waldshut";"Kreise";"2.76";"0.34";"7.10";"6.93";"3441.48";"0.00";"56.74";"1454.71";"632.87";"171249.00";"173460.00";"2.56";"51.32";"20.60"
"08415";"Reutlingen";"Kreise";"2.78";"0.41";"7.60";"7.44";"3661.23";"24.65";"42.72";"1980.15";"626.77";"288158.00";"291696.00";"2.64";"45.19";"17.16"
"08416";"Tübingen";"Kreise";"1.71";"0.39";"10.70";"10.51";"3650.09";"116.81";"47.95";"2431.87";"553.72";"229806.00";"232803.00";"2.40";"35.43";"12.98"
"08417";"Zollernalbkreis";"Kreise";"3.05";"0.37";"7.16";"7.02";"3526.87";"13.77";"45.07";"1520.22";"676.15";"190545.00";"193235.00";"2.41";"52.04";"22.80"
"08421";"Ulm. Stadtkreis";"Kreise";"2.91";"1.05";"9.77";"9.53";"3768.43";"111.12";"46.25";"3238.58";"525.01";"126949.00";"128928.00";"4.27";"35.98";"15.12"
"08425";"Alb-Donau-Kreis";"Kreise";"1.97";"0.24";"7.71";"7.52";"3530.77";"0.00";"46.28";"1231.46";"651.97";"199732.00";"202476.00";"2.13";"54.85";"21.25"
"08426";"Biberach";"Kreise";"1.73";"0.53";"7.46";"7.31";"3920.51";"64.65";"44.43";"1193.72";"654.23";"203244.00";"206513.00";"2.69";"50.80";"21.74"
"08435";"Bodenseekreis";"Kreise";"1.97";"0.39";"7.12";"6.92";"3821.48";"14.13";"42.07";"2197.02";"634.25";"218885.00";"222712.00";"2.29";"48.42";"17.13"
"08436";"Ravensburg";"Kreise";"1.92";"0.46";"8.04";"7.90";"3502.25";"39.85";"47.01";"1617.07";"635.03";"287011.00";"290911.00";"2.58";"52.81";"15.15"
"08437";"Sigmaringen";"Kreise";"2.20";"0.38";"7.85";"7.77";"3593.15";"13.52";"48.53";"1079.27";"662.42";"131725.00";"134045.00";"2.73";"49.47";"15.65"
"09161";"Ingolstadt";"Kreise";"3.30";"0.55";"7.78";"7.91";"4592.95";"66.72";"38.29";"2857.15";"687.21";"138016.00";"141029.00";"3.67";"51.36";"15.65"
"09162";"München. Landeshauptstadt";"Kreise";"3.16";"0.56";"8.05";"8.13";"4057.49";"89.28";"26.80";"6458.94";"492.45";"1487708.00";"1512491.00";"2.35";"41.89";"18.38"
"09163";"Rosenheim. Stadt";"Kreise";"3.42";"0.50";"8.09";"7.95";"3478.06";"106.25";"45.91";"4128.40";"554.96";"63508.00";"64403.00";"2.28";"43.01";"17.03"
"09171";"Altötting";"Kreise";"2.59";"0.35";"7.22";"7.20";"3786.42";"4.19";"42.63";"1453.17";"640.18";"112116.00";"113798.00";"2.35";"46.23";"26.16"
"09172";"Berchtesgadener Land";"Kreise";"1.95";"0.25";"7.24";"7.00";"3235.42";"0.00";"42.48";"1769.97";"617.45";"106389.00";"107667.00";"2.13";"48.16";"23.81"
"09173";"Bad Tölz-Wolfratshausen";"Kreise";"1.69";"0.15";"7.05";"6.92";"3396.98";"7.01";"43.31";"1709.94";"633.51";"127919.00";"129511.00";"1.28";"46.95";"21.54"
"09174";"Dachau";"Kreise";"2.16";"0.21";"7.24";"7.14";"3438.63";"0.00";"33.49";"1972.38";"606.57";"155449.00";"156982.00";"1.82";"45.94";"22.93"
"09175";"Ebersberg";"Kreise";"1.41";"0.33";"7.45";"7.33";"3434.31";"0.00";"40.14";"2100.87";"592.04";"144562.00";"146830.00";"1.57";"46.72";"11.97"
"09176";"Eichstätt";"Kreise";"1.84";"0.40";"7.70";"7.59";"3367.15";"39.68";"39.93";"1115.52";"635.74";"133634.00";"135591.00";"2.63";"51.05";"20.20"
"09177";"Erding";"Kreise";"1.72";"0.26";"7.75";"7.71";"3277.33";"0.84";"41.66";"1265.11";"643.63";"139622.00";"141680.00";"1.69";"48.31";"19.25"
"09178";"Freising";"Kreise";"2.06";"0.45";"8.48";"8.43";"3580.22";"55.59";"30.31";"1644.52";"600.38";"181144.00";"184433.00";"2.21";"50.52";"20.95"
"09179";"Fürstenfeldbruck";"Kreise";"2.34";"0.18";"7.07";"7.06";"3463.88";"2.63";"39.93";"2691.75";"564.68";"218579.00";"221612.00";"1.53";"43.15";"16.91"
"09180";"Garmisch-Partenkirchen";"Kreise";"1.96";"0.20";"6.83";"6.79";"3126.92";"0.00";"45.55";"1618.80";"598.95";"88232.00";"88840.00";"1.01";"46.86";"19.77"
"09181";"Landsberg am Lech";"Kreise";"2.25";"0.20";"7.17";"6.93";"3512.39";"0.00";"43.18";"1345.79";"680.52";"121466.00";"123032.00";"1.54";"51.79";"14.78"
"09182";"Miesbach";"Kreise";"1.42";"0.17";"6.72";"6.62";"3274.07";"0.00";"39.30";"1501.87";"664.40";"99978.00";"101346.00";"1.23";"54.39";"12.62"
"09183";"Mühldorf aInn";"Kreise";"2.67";"0.46";"7.47";"7.31";"3449.06";"7.60";"44.05";"1325.94";"637.48";"117606.00";"119878.00";"2.17";"49.08";"25.37"
"09184";"München";"Kreise";"1.85";"0.48";"7.62";"7.62";"3977.50";"121.73";"23.88";"2558.15";"670.76";"349837.00";"355890.00";"2.42";"35.63";"12.45"
"09185";"Neuburg-Schrobenhausen";"Kreise";"2.22";"0.33";"7.45";"7.30";"3439.52";"1.24";"45.99";"1114.84";"667.95";"98503.00";"99957.00";"2.09";"56.92";"19.13"
"09186";"Pfaffenhofen adIlm";"Kreise";"1.78";"0.36";"7.13";"7.15";"3500.09";"0.00";"42.48";"1230.50";"650.13";"129772.00";"132082.00";"2.04";"51.55";"26.79"
"09187";"Rosenheim";"Kreise";"1.89";"0.26";"7.20";"7.02";"3340.94";"1.21";"44.05";"1617.65";"656.88";"263367.00";"266945.00";"1.49";"52.42";"21.13"
"09188";"Starnberg";"Kreise";"2.34";"0.25";"6.92";"6.87";"3743.52";"15.49";"31.09";"1901.42";"642.40";"136747.00";"138785.00";"1.36";"46.36";"11.63"
"09189";"Traunstein";"Kreise";"1.71";"0.29";"7.02";"6.80";"3485.27";"0.00";"46.19";"1338.51";"661.21";"178447.00";"180779.00";"1.85";"48.53";"22.76"
"09190";"Weilheim-Schongau";"Kreise";"1.81";"0.24";"7.12";"6.85";"3666.82";"0.00";"45.98";"1485.79";"651.66";"136642.00";"138208.00";"1.74";"50.95";"22.69"
"09261";"Landshut. Stadt";"Kreise";"3.59";"0.65";"7.64";"7.86";"3338.77";"81.15";"45.79";"3362.61";"508.40";"73150.00";"75457.00";"3.09";"53.77";"16.84"
"09262";"Passau. Stadt";"Kreise";"4.00";"0.79";"11.13";"10.75";"3463.30";"200.51";"43.93";"2368.50";"546.07";"53093.00";"53907.00";"3.34";"47.18";"14.11"
"09263";"Straubing";"Kreise";"4.78";"0.78";"7.70";"8.02";"3286.50";"21.55";"41.77";"2393.57";"568.26";"47854.00";"49164.00";"3.88";"40.05";"20.60"
"09271";"Deggendorf";"Kreise";"1.82";"0.42";"8.17";"8.11";"3360.02";"69.15";"47.47";"1132.01";"655.33";"120521.00";"122121.00";"2.59";"51.47";"21.29"
"09272";"Freyung-Grafenau";"Kreise";"1.80";"0.35";"7.42";"7.22";"3092.33";"0.00";"47.21";"841.77";"678.28";"78632.00";"79286.00";"1.66";"46.80";"23.40"
"09273";"Kelheim";"Kreise";"2.20";"0.33";"7.56";"7.51";"3375.82";"0.00";"48.99";"1089.55";"654.03";"123899.00";"125701.00";"1.93";"46.09";"24.85"
"09274";"Landshut";"Kreise";"2.14";"0.38";"7.31";"7.19";"3430.22";"0.00";"42.63";"1057.59";"677.01";"162331.00";"164773.00";"1.79";"53.52";"28.14"
"09275";"Passau";"Kreise";"2.15";"0.24";"7.13";"6.97";"3015.96";"0.00";"44.97";"966.50";"666.49";"194090.00";"196963.00";"2.09";"52.05";"23.51"
"09276";"Regen";"Kreise";"2.60";"0.37";"7.13";"6.98";"3202.52";"0.00";"44.59";"911.52";"653.05";"77176.00";"78035.00";"2.27";"48.52";"20.41"
"09277";"Rottal-Inn";"Kreise";"2.24";"0.16";"7.64";"7.43";"3139.77";"11.41";"48.61";"915.98";"679.78";"122252.00";"124436.00";"2.17";"48.03";"29.77"
"09278";"Straubing-Bogen";"Kreise";"2.25";"0.34";"7.32";"7.18";"3256.89";"0.00";"40.47";"805.01";"677.79";"102398.00";"103806.00";"1.64";"48.62";"25.00"
"09279";"Dingolfing-Landau";"Kreise";"2.02";"0.48";"7.34";"7.37";"4211.79";"0.00";"33.40";"941.84";"703.79";"98045.00";"100306.00";"2.01";"49.30";"25.78"
"09361";"Amberg";"Kreise";"3.61";"0.68";"7.43";"7.40";"3552.14";"51.96";"46.74";"2368.26";"593.38";"41994.00";"42534.00";"3.56";"50.22";"18.71"
"09362";"Regensburg. Stadt";"Kreise";"3.51";"0.72";"9.95";"9.76";"3772.92";"207.64";"39.98";"3415.99";"523.78";"153542.00";"157443.00";"3.65";"41.03";"17.71"
"09363";"Weiden idOPf";"Kreise";"4.31";"0.75";"8.09";"8.01";"3096.02";"66.05";"38.49";"2026.93";"613.19";"42472.00";"43052.00";"3.30";"47.24";"15.64"
"09371";"Amberg-Sulzbach";"Kreise";"2.26";"0.34";"7.14";"6.91";"3416.83";"7.76";"39.11";"847.08";"683.54";"103277.00";"104436.00";"1.68";"54.46";"32.36"
"09372";"Cham";"Kreise";"2.19";"0.36";"7.15";"7.00";"3166.81";"3.24";"46.85";"818.00";"693.89";"128444.00";"130193.00";"2.72";"51.79";"23.35"
"09373";"Neumarkt idOPf";"Kreise";"1.61";"0.47";"7.55";"7.30";"3473.95";"0.00";"49.49";"933.90";"658.80";"136062.00";"138086.00";"2.23";"50.67";"24.29"
"09374";"Neustadt adWaldnaab";"Kreise";"2.51";"0.50";"7.16";"6.96";"3242.72";"0.00";"48.53";"726.37";"686.07";"94838.00";"95954.00";"1.85";"47.37";"27.75"
"09375";"Regensburg";"Kreise";"2.16";"0.28";"6.98";"6.90";"3381.42";"0.00";"42.72";"1257.68";"650.69";"195225.00";"198160.00";"1.70";"51.43";"25.22"
"09376";"Schwandorf";"Kreise";"2.39";"0.58";"7.41";"7.30";"3295.47";"0.00";"41.90";"939.50";"675.41";"149239.00";"151711.00";"2.29";"48.76";"23.92"
"09377";"Tirschenreuth";"Kreise";"2.51";"0.49";"6.94";"6.64";"3213.46";"0.00";"37.03";"780.49";"681.66";"71648.00";"72172.00";"2.89";"62.43";"19.52"
"09461";"Bamberg. Stadt";"Kreise";"3.19";"0.57";"9.06";"9.13";"3521.52";"173.17";"38.27";"2904.61";"513.57";"77749.00";"79935.00";"3.58";"33.28";"12.15"
"09462";"Bayreuth. Stadt";"Kreise";"3.33";"0.56";"12.32";"11.96";"3374.52";"140.67";"47.26";"2628.08";"540.12";"73909.00";"74506.00";"4.07";"35.72";"14.14"
"09463";"Coburg. Stadt";"Kreise";"5.28";"0.66";"8.30";"8.00";"3714.60";"147.88";"45.65";"2094.19";"599.25";"40955.00";"41842.00";"3.88";"48.22";"12.55"
"09464";"Hof. Stadt";"Kreise";"4.57";"0.70";"7.82";"7.97";"2965.32";"148.19";"40.98";"2151.04";"552.98";"45125.00";"46656.00";"3.91";"35.61";"17.56"
"09471";"Bamberg";"Kreise";"1.98";"0.29";"7.02";"6.81";"3147.10";"0.00";"40.36";"1227.24";"690.91";"147697.00";"149122.00";"1.94";"60.23";"31.03"
"09472";"Bayreuth";"Kreise";"2.23";"0.16";"6.63";"6.51";"3164.34";"0.00";"38.62";"861.82";"691.22";"103648.00";"104702.00";"1.81";"55.13";"28.64"
"09473";"Coburg";"Kreise";"3.52";"0.46";"6.36";"6.27";"2924.85";"0.00";"34.28";"1086.48";"684.81";"86544.00";"87103.00";"2.58";"33.15";"39.67"
"09474";"Forchheim";"Kreise";"1.88";"0.32";"6.97";"6.70";"3293.13";"0.00";"35.81";"1419.69";"670.13";"116753.00";"117948.00";"1.50";"55.38";"17.10"
"09475";"Hof";"Kreise";"2.65";"0.59";"6.55";"6.46";"2904.26";"5.26";"40.32";"870.18";"679.89";"93907.00";"94589.00";"2.75";"54.72";"21.14"
"09476";"Kronach";"Kreise";"2.67";"0.38";"6.64";"6.39";"2941.47";"0.00";"39.89";"1018.14";"691.47";"66091.00";"66393.00";"2.88";"48.69";"19.20"
"09477";"Kulmbach";"Kreise";"2.50";"0.30";"6.88";"6.60";"3204.59";"0.00";"46.31";"919.34";"701.25";"71328.00";"71653.00";"2.47";"42.77";"18.60"
"09478";"Lichtenfels";"Kreise";"3.09";"0.66";"6.77";"6.56";"3028.80";"0.00";"37.71";"1072.44";"672.75";"66741.00";"67328.00";"2.97";"43.76";"18.08"
"09479";"Wunsiedel iFichtelgebirge";"Kreise";"3.44";"0.51";"6.58";"6.49";"3163.94";"0.00";"39.75";"1030.28";"659.60";"71482.00";"72006.00";"3.01";"43.73";"19.35"
"09561";"Ansbach. Stadt";"Kreise";"2.97";"0.67";"8.05";"7.87";"3487.54";"100.21";"47.38";"1780.73";"607.59";"41662.00";"42221.00";"4.00";"48.33";"13.93"
"09562";"Erlangen";"Kreise";"2.42";"0.78";"10.26";"10.14";"4102.83";"240.47";"33.13";"3598.70";"480.64";"113292.00";"116562.00";"3.52";"40.33";"12.07"
"09563";"Fürth. Stadt";"Kreise";"4.37";"0.32";"7.45";"7.31";"3436.90";"3.86";"39.04";"4389.88";"490.55";"129122.00";"131433.00";"2.46";"46.43";"21.23"
"09564";"Nürnberg";"Kreise";"4.64";"0.74";"7.80";"7.94";"3608.44";"67.96";"35.93";"4546.08";"473.83";"510632.00";"523026.00";"3.42";"40.51";"22.45"
"09565";"Schwabach";"Kreise";"2.88";"0.38";"7.14";"6.86";"3326.93";"0.00";"48.38";"2909.46";"642.76";"41146.00";"41227.00";"3.11";"47.49";"14.48"
"09571";"Ansbach";"Kreise";"2.13";"0.36";"7.53";"7.24";"3193.64";"18.45";"43.18";"885.14";"679.10";"186279.00";"188623.00";"2.06";"53.19";"19.09"
"09572";"Erlangen-Höchstadt";"Kreise";"1.77";"0.44";"6.70";"6.59";"3735.77";"0.00";"33.72";"1755.62";"660.58";"139323.00";"140994.00";"1.68";"42.90";"16.90"
"09573";"Fürth";"Kreise";"2.13";"0.10";"6.42";"6.27";"3154.46";"0.00";"36.39";"2158.44";"652.40";"119432.00";"119923.00";"1.39";"42.00";"23.65"
"09574";"Nürnberger Land";"Kreise";"2.23";"0.40";"6.58";"6.47";"3435.83";"0.00";"38.76";"1575.84";"650.80";"171424.00";"172665.00";"1.88";"47.76";"20.17"
"09575";"Neustadt adAisch-Bad Windsheim";"Kreise";"1.92";"0.33";"7.29";"7.05";"3096.79";"0.00";"43.67";"808.70";"667.27";"101788.00";"103303.00";"2.36";"50.47";"18.13"
"09576";"Roth";"Kreise";"1.71";"0.33";"7.03";"6.69";"3258.39";"0.00";"44.44";"1170.69";"684.73";"127520.00";"128694.00";"2.17";"45.77";"22.35"
"09577";"Weißenburg-Gunzenhausen";"Kreise";"2.63";"0.38";"7.23";"7.12";"3366.01";"1.07";"47.98";"931.07";"654.84";"95523.00";"97120.00";"2.37";"46.36";"25.50"
"09661";"Aschaffenburg. Stadt";"Kreise";"5.30";"0.47";"7.48";"7.43";"3517.58";"64.16";"46.04";"2908.23";"595.73";"71381.00";"72444.00";"3.39";"44.70";"15.42"
"09662";"Schweinfurt. Stadt";"Kreise";"4.60";"0.64";"8.60";"8.72";"4001.54";"68.87";"43.78";"2764.16";"539.35";"53585.00";"54675.00";"4.26";"41.05";"20.42"
"09663";"Würzburg. Stadt";"Kreise";"2.27";"0.85";"11.87";"11.57";"3498.20";"223.08";"45.64";"2983.43";"506.56";"126933.00";"127810.00";"3.69";"37.85";"12.52"
"09671";"Aschaffenburg";"Kreise";"3.15";"0.30";"6.61";"6.54";"3368.58";"0.00";"37.39";"1764.46";"673.66";"174965.00";"176958.00";"2.25";"51.73";"21.76"
"09672";"Bad Kissingen";"Kreise";"2.33";"0.39";"6.61";"6.42";"3214.52";"0.00";"47.26";"860.85";"684.81";"103454.00";"104567.00";"2.55";"44.55";"22.15"
"09673";"Rhön-Grabfeld";"Kreise";"2.12";"0.45";"6.95";"6.88";"3312.61";"0.00";"47.28";"782.36";"688.32";"79376.00";"80341.00";"2.65";"49.57";"23.26"
"09674";"Haßberge";"Kreise";"2.06";"0.65";"7.02";"6.85";"3355.54";"0.00";"44.09";"859.47";"697.88";"84284.00";"84984.00";"2.22";"50.06";"23.20"
"09675";"Kitzingen";"Kreise";"2.31";"0.35";"7.14";"7.00";"3371.33";"0.00";"37.81";"954.62";"670.93";"91980.00";"93247.00";"2.63";"44.96";"17.23"
"09676";"Miltenberg";"Kreise";"2.62";"0.35";"7.05";"6.82";"3391.55";"0.00";"42.46";"1563.90";"673.77";"128782.00";"129835.00";"2.17";"46.74";"23.95"
"09677";"Main-Spessart";"Kreise";"1.64";"0.37";"6.62";"6.45";"3637.10";"0.00";"39.54";"1011.47";"680.36";"126105.00";"127132.00";"2.08";"54.67";"17.95"
"09678";"Schweinfurt";"Kreise";"2.08";"0.27";"6.83";"7.04";"3013.32";"0.00";"43.31";"1081.34";"677.11";"116134.00";"117044.00";"2.20";"52.43";"35.63"
"09679";"Würzburg";"Kreise";"1.80";"0.34";"6.82";"6.69";"3230.19";"0.00";"42.66";"1340.95";"653.77";"163534.00";"165339.00";"1.55";"54.13";"27.55"
"09761";"Augsburg. Stadt";"Kreise";"4.67";"0.58";"8.79";"8.74";"3609.03";"103.79";"43.54";"4645.57";"466.52";"296478.00";"301033.00";"3.16";"41.36";"25.39"
"09762";"Kaufbeuren";"Kreise";"4.27";"0.39";"7.50";"7.34";"3381.90";"9.51";"52.99";"2961.97";"568.33";"45118.00";"45792.00";"3.05";"47.96";"20.38"
"09763";"Kempten (Allgäu)";"Kreise";"2.92";"0.50";"8.31";"8.09";"3411.87";"93.04";"48.85";"3390.90";"572.84";"69053.00";"70056.00";"3.85";"49.70";"17.31"
"09764";"Memmingen";"Kreise";"3.16";"0.85";"7.61";"7.50";"3576.95";"0.00";"60.82";"2462.78";"593.41";"44721.00";"45857.00";"3.53";"47.31";"22.46"
"09771";"Aichach-Friedberg";"Kreise";"2.32";"0.22";"7.15";"7.03";"3243.29";"0.00";"49.92";"1428.48";"648.47";"135538.00";"137334.00";"1.49";"54.09";"22.33"
"09772";"Augsburg";"Kreise";"2.29";"0.33";"7.02";"6.84";"3275.12";"0.00";"42.99";"1532.35";"647.94";"257790.00";"261342.00";"2.23";"47.41";"24.81"
"09773";"Dillingen adDonau";"Kreise";"1.77";"0.45";"7.45";"7.31";"3497.94";"0.00";"45.49";"1036.38";"674.11";"97985.00";"99109.00";"2.28";"46.50";"19.61"
"09774";"Günzburg";"Kreise";"1.60";"0.48";"7.61";"7.48";"3351.31";"0.00";"42.77";"1159.54";"663.32";"128436.00";"130112.00";"2.52";"48.65";"18.67"
"09775";"Neu-Ulm";"Kreise";"1.51";"0.39";"7.67";"7.63";"3651.85";"30.48";"40.34";"1871.63";"622.72";"177330.00";"180425.00";"2.68";"47.35";"25.51"
"09776";"Lindau (Bodensee)";"Kreise";"1.74";"0.29";"7.03";"6.80";"3496.72";"0.00";"43.42";"1849.07";"640.05";"82330.00";"83393.00";"2.10";"45.81";"16.42"
"09777";"Ostallgäu";"Kreise";"2.00";"0.28";"7.22";"7.14";"3507.22";"0.00";"50.16";"1191.53";"650.55";"143236.00";"145378.00";"1.82";"50.29";"21.08"
"09778";"Unterallgäu";"Kreise";"1.64";"0.39";"7.53";"7.34";"3608.27";"0.00";"44.65";"1063.56";"677.14";"147776.00";"150068.00";"2.15";"52.99";"22.68"
"09779";"Donau-Ries";"Kreise";"1.96";"0.60";"7.55";"7.40";"3608.99";"0.00";"42.91";"947.86";"683.43";"134986.00";"137137.00";"2.58";"54.04";"18.98"
"09780";"Oberallgäu";"Kreise";"1.57";"0.16";"6.84";"6.61";"3281.03";"0.00";"51.70";"1518.07";"652.68";"157202.00";"158942.00";"1.83";"50.82";"26.72"
"10041";"Regionalverband Saarbrücken";"Kreise";"6.51";"0.61";"7.59";"7.47";"3597.26";"128.21";"40.71";"2492.08";"583.17";"327284.00";"330848.00";"2.78";"28.07";"28.84"
"10042";"Merzig-Wadern";"Kreise";"2.95";"0.55";"6.53";"6.45";"3225.15";"0.00";"50.18";"1291.75";"695.99";"103426.00";"104425.00";"2.22";"26.22";"23.83"
"10043";"Neunkirchen";"Kreise";"6.84";"0.29";"6.44";"6.43";"3390.73";"0.00";"42.74";"1930.29";"659.53";"130847.00";"132283.00";"2.77";"33.01";"36.04"
"10044";"Saarlouis";"Kreise";"1.75";"0.40";"6.51";"6.44";"3418.30";"0.00";"42.41";"1748.70";"686.36";"193661.00";"195749.00";"2.41";"31.44";"28.06"
"10045";"Saarpfalz-Kreis";"Kreise";"3.28";"0.48";"6.72";"6.62";"3637.43";"0.00";"39.75";"1685.43";"692.89";"140960.00";"142419.00";"2.65";"31.15";"22.62"
"10046";"St Wendel";"Kreise";"1.72";"0.41";"6.00";"5.89";"3377.02";"0.00";"44.04";"1113.07";"717.36";"86170.00";"86942.00";"2.28";"33.81";"18.83"
"11000";"Berlin. Stadt";"Kreise";"8.76";"0.45";"7.05";"7.18";"3297.01";"78.64";"26.38";"5969.05";"330.68";"3677472.00";"3755251.00";"2.13";"35.41";"12.06"
"12051";"Brandenburg an der Havel. Stadt";"Kreise";"9.49";"0.75";"5.85";"5.94";"3019.88";"64.49";"35.74";"1476.91";"476.53";"72461.00";"73609.00";"3.20";"42.38";"17.25"
"12052";"Cottbus. Stadt";"Kreise";"5.94";"0.61";"6.65";"6.90";"2841.24";"88.49";"42.55";"1948.22";"493.01";"98359.00";"99515.00";"3.60";"33.08";"15.66"
"12053";"Frankfurt (Oder). Stadt";"Kreise";"8.28";"0.44";"6.72";"7.20";"2936.14";"136.75";"29.63";"1708.63";"487.14";"56679.00";"58230.00";"4.48";"42.58";"9.66"
"12054";"Potsdam. Stadt";"Kreise";"3.87";"0.58";"7.41";"7.48";"3101.64";"204.08";"30.00";"3120.28";"417.43";"183154.00";"185750.00";"3.21";"26.76";"8.86"
"12060";"Barnim";"Kreise";"5.77";"0.19";"5.29";"5.39";"2717.56";"23.27";"35.65";"1161.24";"567.50";"188835.00";"191849.00";"2.15";"45.26";"10.24"
"12061";"Dahme-Spreewald";"Kreise";"2.56";"0.42";"5.40";"5.46";"2770.51";"45.89";"28.91";"810.94";"599.61";"175834.00";"178967.00";"2.05";"41.47";"12.06"
"12062";"Elbe-Elster";"Kreise";"5.56";"0.24";"4.42";"4.69";"2516.58";"0.00";"31.59";"626.14";"628.78";"100317.00";"100902.00";"2.40";"45.72";"14.42"
"12063";"Havelland";"Kreise";"6.49";"0.30";"5.83";"5.93";"2616.39";"0.60";"29.89";"903.31";"567.95";"165906.00";"169334.00";"2.05";"33.45";"11.79"
"12064";"Märkisch-Oderland";"Kreise";"6.64";"0.18";"4.78";"4.97";"2765.43";"0.00";"31.08";"829.47";"597.43";"197965.00";"200292.00";"1.67";"47.17";"16.18"
"12065";"Oberhavel";"Kreise";"5.30";"0.19";"5.62";"5.78";"2863.92";"6.22";"29.64";"1152.82";"578.07";"215795.00";"218551.00";"2.20";"37.55";"14.73"
"12066";"Oberspreewald-Lausitz";"Kreise";"5.04";"0.41";"4.71";"4.91";"2751.14";"20.54";"30.23";"724.22";"605.50";"107558.00";"108263.00";"3.19";"40.12";"20.25"
"12067";"Oder-Spree";"Kreise";"6.95";"0.35";"4.91";"5.09";"2903.60";"0.00";"30.27";"803.39";"595.25";"179245.00";"182401.00";"2.43";"43.56";"12.11"
"12068";"Ostprignitz-Ruppin";"Kreise";"7.85";"0.31";"5.19";"5.39";"2662.65";"11.27";"37.63";"587.51";"591.10";"98829.00";"99871.00";"2.42";"39.67";"18.90"
"12069";"Potsdam-Mittelmark";"Kreise";"4.72";"0.18";"5.35";"5.61";"2776.10";"0.00";"28.54";"919.82";"590.33";"219521.00";"222570.00";"1.78";"35.28";"9.30"
"12070";"Prignitz";"Kreise";"8.41";"0.25";"5.17";"5.24";"2624.85";"0.00";"35.68";"479.14";"611.31";"75574.00";"76045.00";"2.93";"44.91";"14.51"
"12071";"Spree-Neiße";"Kreise";"5.15";"0.36";"4.22";"4.41";"2675.22";"0.00";"29.06";"658.05";"631.84";"111955.00";"112493.00";"1.74";"41.76";"15.96"
"12072";"Teltow-Fläming";"Kreise";"4.44";"0.47";"5.63";"5.85";"2784.77";"0.00";"26.57";"832.15";"600.65";"172545.00";"176648.00";"2.19";"45.54";"11.85"
"12073";"Uckermark";"Kreise";"11.67";"0.25";"4.84";"4.97";"2684.48";"0.00";"36.77";"579.26";"581.99";"117336.00";"117845.00";"2.98";"43.03";"14.22"
"13003";"Rostock";"Kreise";"6.30";"0.74";"8.99";"8.99";"2944.39";"76.21";"38.64";"2836.37";"414.72";"208400.00";"209920.00";"3.41";"36.08";"8.91"
"13004";"Schwerin";"Kreise";"9.94";"0.77";"6.81";"7.08";"3003.89";"11.09";"39.31";"2358.76";"453.39";"95740.00";"98596.00";"3.62";"37.28";"8.44"
"13071";"Mecklenburgische Seenplatte";"Kreise";"9.50";"0.21";"5.23";"5.41";"2618.83";"16.28";"37.79";"693.09";"564.85";"257525.00";"259568.00";"2.88";"41.89";"12.14"
"13072";"Landkreis Rostock";"Kreise";"6.54";"0.18";"4.55";"4.83";"2562.24";"7.04";"35.68";"721.83";"581.61";"217796.00";"220807.00";"2.12";"51.58";"12.51"
"13073";"Vorpommern-Rügen";"Kreise";"10.13";"0.10";"5.22";"5.40";"2551.37";"20.16";"37.45";"811.62";"553.32";"225900.00";"227683.00";"2.10";"48.18";"13.87"
"13074";"Nordwestmecklenburg";"Kreise";"6.77";"0.24";"5.47";"5.63";"2789.39";"97.01";"36.87";"832.84";"573.51";"158449.00";"160288.00";"2.48";"44.99";"12.96"
"13075";"Vorpommern-Greifswald";"Kreise";"9.01";"0.38";"6.27";"6.40";"2563.26";"70.25";"38.60";"750.24";"536.34";"235451.00";"237355.00";"2.34";"43.17";"16.64"
"13076";"Ludwigslust-Parchim";"Kreise";"6.49";"0.34";"4.86";"4.98";"2652.19";"0.00";"32.98";"587.74";"604.16";"211899.00";"214161.00";"2.27";"47.99";"12.51"
"14511";"Chemnitz. Stadt";"Kreise";"7.82";"0.56";"6.73";"6.97";"2795.80";"59.09";"38.66";"2480.92";"508.45";"243105.00";"248563.00";"3.51";"45.85";"8.46"
"14521";"Erzgebirgskreis";"Kreise";"4.81";"0.29";"5.00";"5.25";"2464.09";"0.97";"37.28";"1433.15";"617.49";"328695.00";"328850.00";"2.73";"58.70";"9.51"
"14522";"Mittelsachsen";"Kreise";"5.30";"0.36";"5.28";"5.41";"2514.63";"65.98";"31.77";"1238.11";"599.23";"299329.00";"300639.00";"2.98";"51.46";"10.24"
"14523";"Vogtlandkreis";"Kreise";"5.83";"0.40";"5.01";"5.22";"2521.54";"0.13";"33.45";"1360.79";"616.14";"221376.00";"222666.00";"2.73";"54.17";"8.81"
"14524";"Zwickau";"Kreise";"4.56";"0.53";"5.31";"5.53";"2793.41";"17.82";"35.66";"1715.16";"599.39";"309621.00";"310838.00";"2.75";"52.89";"5.66"
"14612";"Dresden. Stadt";"Kreise";"5.28";"0.56";"8.42";"8.51";"3002.15";"80.70";"32.99";"3896.19";"411.87";"555351.00";"563311.00";"3.31";"44.99";"5.36"
"14625";"Bautzen";"Kreise";"4.85";"0.40";"4.75";"4.88";"2553.89";"1.08";"31.40";"1143.55";"611.47";"296290.00";"297711.00";"3.15";"55.76";"8.24"
"14626";"Görlitz";"Kreise";"7.00";"0.41";"4.97";"5.12";"2439.22";"27.29";"33.02";"928.73";"575.62";"248273.00";"249681.00";"2.85";"55.41";"9.21"
"14627";"Meißen";"Kreise";"4.30";"0.32";"4.94";"5.18";"2653.30";"9.79";"35.34";"1346.70";"578.47";"239344.00";"241343.00";"2.86";"55.31";"8.24"
"14628";"Sächsische Schweiz-Osterzgebirge";"Kreise";"5.03";"0.26";"4.92";"5.23";"2563.85";"6.42";"40.74";"1531.98";"588.28";"244009.00";"246204.00";"2.58";"55.33";"8.86"
"14713";"Leipzig. Stadt";"Kreise";"5.63";"0.64";"9.14";"9.22";"2942.15";"71.81";"33.49";"3741.61";"380.34";"601866.00";"616093.00";"2.96";"39.54";"9.98"
"14729";"Leipzig";"Kreise";"5.74";"0.23";"4.72";"4.94";"2585.79";"0.00";"34.62";"1137.10";"597.93";"258214.00";"260429.00";"2.30";"52.08";"9.01"
"14730";"Nordsachsen";"Kreise";"7.41";"0.36";"4.99";"5.36";"2655.81";"0.00";"32.77";"859.46";"586.97";"197529.00";"199824.00";"2.56";"52.13";"9.92"
"15001";"Dessau-Roßlau. Stadt";"Kreise";"10.15";"0.30";"5.03";"5.24";"2873.54";"42.43";"36.58";"1588.65";"527.20";"78731.00";"79655.00";"3.64";"47.87";"10.90"
"15002";"Halle (Saale). Stadt";"Kreise";"7.47";"0.83";"9.50";"9.49";"2950.11";"97.25";"39.22";"3387.67";"395.51";"238061.00";"242083.00";"3.66";"40.03";"11.71"
"15003";"Magdeburg. Landeshauptstadt";"Kreise";"7.39";"0.55";"8.43";"8.51";"2915.39";"85.14";"33.91";"2513.27";"468.90";"236188.00";"239364.00";"3.98";"46.55";"7.81"
"15081";"Altmarkkreis Salzwedel";"Kreise";"7.38";"0.31";"5.09";"5.22";"2609.57";"0.00";"34.23";"502.54";"617.57";"81986.00";"82457.00";"2.75";"49.19";"12.10"
"15082";"Anhalt-Bitterfeld";"Kreise";"8.40";"0.61";"5.08";"5.33";"2632.87";"28.19";"30.24";"871.78";"590.96";"155900.00";"157235.00";"3.00";"51.69";"9.66"
"15083";"Börde";"Kreise";"5.78";"0.42";"4.74";"4.91";"2745.16";"0.00";"30.62";"733.23";"623.91";"170106.00";"171393.00";"3.16";"53.07";"10.25"
"15084";"Burgenlandkreis";"Kreise";"7.27";"0.43";"4.96";"5.16";"2699.37";"0.00";"34.88";"944.63";"578.19";"176333.00";"177212.00";"2.55";"50.20";"10.41"
"15085";"Harz";"Kreise";"5.97";"0.37";"5.18";"5.50";"2746.10";"29.31";"36.27";"1005.26";"589.83";"209117.00";"210381.00";"2.64";"51.45";"10.05"
"15086";"Jerichower Land";"Kreise";"8.08";"0.41";"4.74";"4.94";"2693.34";"4.74";"31.07";"649.93";"603.98";"89118.00";"90256.00";"2.56";"53.85";"9.13"
"15087";"Mansfeld-Südharz";"Kreise";"11.36";"0.32";"4.78";"4.92";"2612.05";"0.00";"36.43";"780.44";"604.56";"132317.00";"132034.00";"2.55";"52.63";"14.33"
"15088";"Saalekreis";"Kreise";"7.75";"0.57";"5.02";"5.18";"2816.96";"33.03";"32.29";"849.25";"627.43";"182814.00";"183974.00";"3.42";"56.35";"10.66"
"15089";"Salzlandkreis";"Kreise";"7.08";"0.49";"5.12";"5.30";"2734.46";"41.01";"33.96";"957.42";"565.67";"185495.00";"186420.00";"3.04";"55.23";"12.66"
"15090";"Stendal";"Kreise";"9.82";"0.34";"5.31";"5.30";"2702.10";"28.66";"34.81";"589.57";"579.33";"109746.00";"110291.00";"2.51";"47.15";"12.03"
"15091";"Wittenberg";"Kreise";"7.82";"0.47";"4.68";"4.93";"2602.98";"0.00";"33.04";"714.88";"610.77";"123341.00";"123888.00";"2.41";"50.15";"14.15"
"16051";"Erfurt. Stadt";"Kreise";"4.79";"0.62";"8.12";"8.20";"2891.44";"492.95";"33.27";"2516.32";"460.65";"213227.00";"214969.00";"3.54";"41.92";"11.43"
"16052";"Gera. Stadt";"Kreise";"6.90";"0.58";"5.59";"6.03";"2650.10";"46.81";"35.55";"2120.34";"491.46";"91368.00";"93634.00";"2.81";"38.33";"18.18"
"16053";"Jena. Stadt";"Kreise";"4.39";"0.98";"9.82";"9.79";"3174.76";"201.56";"33.45";"3079.23";"407.99";"110502.00";"111191.00";"4.36";"26.26";"12.34"
"16054";"Suhl. Stadt";"Kreise";"7.38";"0.24";"5.61";"6.50";"2711.19";"0.00";"33.44";"1356.14";"543.41";"36054.00";"37009.00";"3.37";"39.73";"21.92"
"16055";"Weimar. Stadt";"Kreise";"5.19";"0.30";"8.27";"8.34";"2945.98";"87.73";"36.88";"2282.43";"467.56";"65138.00";"65620.00";"2.92";"31.53";"11.94"
"16061";"Eichsfeld";"Kreise";"3.74";"0.29";"5.37";"5.57";"2681.80";"0.00";"32.08";"985.73";"608.71";"99324.00";"100091.00";"2.66";"46.92";"11.15"
"16062";"Nordhausen";"Kreise";"7.70";"0.41";"6.11";"6.14";"2742.14";"44.28";"37.21";"962.23";"576.15";"81687.00";"82444.00";"3.33";"41.71";"20.30"
"16063";"Wartburgkreis";"Kreise";"5.64";"0.53";"5.37";"5.47";"2838.48";"5.51";"33.02";"994.14";"597.87";"158900.00";"159539.00";"3.17";"50.60";"12.24"
"16064";"Unstrut-Hainich-Kreis";"Kreise";"8.10";"0.40";"5.42";"5.67";"2542.69";"0.00";"36.11";"1038.45";"558.97";"101269.00";"102256.00";"2.88";"48.88";"11.76"
"16065";"Kyffhäuserkreis";"Kreise";"7.05";"0.20";"5.03";"5.31";"2691.03";"0.00";"30.59";"744.57";"601.48";"72964.00";"73690.00";"2.60";"45.21";"17.73"
"16066";"Schmalkalden-Meiningen";"Kreise";"4.97";"0.30";"5.44";"5.65";"2640.00";"36.23";"36.83";"944.59";"616.10";"123404.00";"123939.00";"2.84";"50.30";"14.17"
"16067";"Gotha";"Kreise";"6.19";"0.57";"5.78";"5.91";"2773.49";"7.55";"35.67";"1130.25";"568.63";"133825.00";"134941.00";"3.11";"46.95";"14.30"
"16068";"Sömmerda";"Kreise";"6.87";"0.63";"5.13";"5.30";"2667.45";"0.00";"27.85";"882.49";"583.80";"68717.00";"69646.00";"2.47";"46.82";"16.72"
"16069";"Hildburghausen";"Kreise";"4.02";"0.30";"5.07";"5.14";"2593.79";"0.00";"32.12";"733.98";"633.59";"62089.00";"61926.00";"2.56";"52.42";"19.54"
"16070";"Ilm-Kreis";"Kreise";"5.14";"0.37";"6.13";"6.12";"2760.76";"75.65";"29.97";"1067.23";"553.42";"105367.00";"106776.00";"3.11";"46.03";"16.31"
"16071";"Weimarer Land";"Kreise";"4.47";"0.30";"5.22";"5.48";"2658.95";"0.00";"42.92";"862.58";"586.73";"82103.00";"83179.00";"2.38";"52.53";"14.70"
"16072";"Sonneberg";"Kreise";"4.74";"0.35";"5.30";"5.60";"2705.42";"0.00";"30.79";"1157.89";"612.54";"56504.00";"56922.00";"3.28";"45.06";"18.31"
"16073";"Saalfeld-Rudolstadt";"Kreise";"6.49";"0.34";"4.98";"5.13";"2707.22";"0.00";"34.06";"978.07";"594.71";"100969.00";"101494.00";"2.75";"46.67";"13.21"
"16074";"Saale-Holzland-Kreis";"Kreise";"4.64";"0.40";"5.31";"5.56";"2563.25";"0.00";"34.46";"936.90";"598.04";"82513.00";"83234.00";"2.73";"55.09";"9.52"
"16075";"Saale-Orla-Kreis";"Kreise";"4.38";"0.37";"5.16";"5.42";"2539.09";"0.00";"32.88";"771.11";"637.36";"79030.00";"79178.00";"2.70";"51.60";"13.24"
"16076";"Greiz";"Kreise";"4.56";"0.26";"4.61";"4.71";"2537.58";"0.00";"33.32";"890.36";"624.24";"96102.00";"96381.00";"2.21";"48.02";"18.52"
"16077";"Altenburger Land";"Kreise";"8.24";"0.41";"4.74";"5.08";"2538.35";"0.00";"33.80";"1082.90";"579.54";"87807.00";"88787.00";"2.86";"41.15";"18.10"
